;mean_test_score;param_vectorization;param_vectorization__min_df;param_vectorization__ngram_range;param_vectorization__stop_words;params;std_test_score
0;0.6714084118421767;"CountVectorizer(analyzer='word', binary=False, decode_error='strict',
        dtype=<class 'numpy.int64'>, encoding='utf-8', input='content',
        lowercase=True, max_df=1.0, max_features=None, min_df=2,
        ngram_range=(1, 2), preprocessor=None, stop_words=None,
        strip_accents=None, token_pattern='(?u)\\b\\w\\w+\\b',
        tokenizer=None, vocabulary=None)";2;(1, 2);;"{'vectorization': CountVectorizer(analyzer='word', binary=False, decode_error='strict',
        dtype=<class 'numpy.int64'>, encoding='utf-8', input='content',
        lowercase=True, max_df=1.0, max_features=None, min_df=2,
        ngram_range=(1, 2), preprocessor=None, stop_words=None,
        strip_accents=None, token_pattern='(?u)\\b\\w\\w+\\b',
        tokenizer=None, vocabulary=None), 'vectorization__ngram_range': (1, 2), 'vectorization__min_df': 2, 'vectorization__stop_words': None}";0.004839381929159497
1;0.6701766271021204;"CountVectorizer(analyzer='word', binary=False, decode_error='strict',
        dtype=<class 'numpy.int64'>, encoding='utf-8', input='content',
        lowercase=True, max_df=1.0, max_features=None, min_df=2,
        ngram_range=(1, 2), preprocessor=None, stop_words=None,
        strip_accents=None, token_pattern='(?u)\\b\\w\\w+\\b',
        tokenizer=None, vocabulary=None)";2;(1, 3);;"{'vectorization': CountVectorizer(analyzer='word', binary=False, decode_error='strict',
        dtype=<class 'numpy.int64'>, encoding='utf-8', input='content',
        lowercase=True, max_df=1.0, max_features=None, min_df=2,
        ngram_range=(1, 2), preprocessor=None, stop_words=None,
        strip_accents=None, token_pattern='(?u)\\b\\w\\w+\\b',
        tokenizer=None, vocabulary=None), 'vectorization__ngram_range': (1, 3), 'vectorization__min_df': 2, 'vectorization__stop_words': None}";0.00237092738140022
2;0.6634233184478731;"CountVectorizer(analyzer='word', binary=False, decode_error='strict',
        dtype=<class 'numpy.int64'>, encoding='utf-8', input='content',
        lowercase=True, max_df=1.0, max_features=None, min_df=1,
        ngram_range=(1, 1), preprocessor=None, stop_words=None,
        strip_accents=None, token_pattern='(?u)\\b\\w\\w+\\b',
        tokenizer=None, vocabulary=None)";1;(1, 3);['москва', 'россия', 'сша', 'украина', 'евросоюз', 'петербург', 'фанпромывший', 'крым', 'самар', 'краснодар', 'новосибирск', 'казань', 'екатеринбург', 'сочи', 'тюмень', 'иркутск', 'пермь', 'омск', 'ярославль', 'хабаровск', 'новгород', 'ижевск', 'украинский', 'волгоград', 'ростов', 'калининград', 'уфа', 'тула', 'воронеж', 'саратов', 'чебоксары', 'нижний новгород', 'дон', 'красноярск', 'киров', 'ульяновск', 'кемерово', 'запад', 'оренбург', 'куда', 'ставрополь', 'кострома', 'пенза', 'смоленск', 'вологда', 'тольятти', 'томск', 'мурманск', 'армения', 'пара', 'чита', 'липецк', 'барнаул', 'магнитогорск', 'приморье', 'сибирь', 'челябинск', 'владимир', 'сургут', 'европа', 'минск', 'дагестан', 'белгород', 'канада', 'кампания', 'саранск', 'киев', 'рязань', 'красноярский край', 'новокузнецк', 'псков', 'греция', 'тагил', 'анапа', 'луганск', 'донецк', 'колл', 'нижний тагил', 'раменское', 'амкара', 'котор', 'череповец', 'пушкино', 'тверь', 'бурятия', 'брянск', 'нальчик', 'петрозаводск', 'подмосковье', 'курган', 'аскольд', 'великий новгород', 'меркурий', 'кубань', 'беларусь', 'калуга', 'якутск', 'иран', 'татарстан', 'парнас', 'ямал', 'курск', 'восток', 'башкирия', 'южный сахалинск', 'ангарск', 'азербайджан', 'сахалинск', 'банкмосква', 'иваново', 'краснодарский край', 'фанпромой', 'урал', 'владивосток', 'орск', 'удмуртия', 'арзамас', 'волжский', 'лондон', 'уссурийск', 'весь россия', 'ухта', 'тверская', 'волгодонск', 'тамбов', 'око', 'город кемерово', 'артём', 'благовещенск', 'брюссель', 'белоруссия', 'грозный', 'вена', 'вашингтон', 'архангельск', 'югра', 'серпухов', 'чувашия', 'миасс', 'химки', 'который евросоюз', 'николаев', 'сыктывкар', 'камчатка', 'энгельс', 'китай', 'казахстан', 'стерлитамак', 'всеволожск', 'владикавказ', 'судженск', 'павлиное', 'новограда', 'корп', 'коми', 'старый оскол', 'усинск', 'каменск', 'онега', 'мытищи', 'пермский край', 'приозерск', 'различ', 'ртищево', 'оскол', 'российск', 'дальний восток', 'тобольск', 'ботлихский район', 'харьков', 'анжеро', 'орёл', 'запорожье', 'находка', 'чехия', 'прага', 'саянск', 'магадан', 'город россия', 'сума', 'лабинск', 'мошейничествочер', 'город москва', 'зеленоград', 'атба', 'геленджик', 'байкал', 'альметьевск', 'ачинск', 'госуслуга', 'ужгород', 'шотландия', 'город можга', 'нефтекамск', 'новокуйбышевск', 'кавказ', 'вебманя', 'балашиха', 'сцукое', 'грузия', 'севастополь', 'оленегорск', 'хакасия', 'новороссийск', 'петропавловск', 'недвиж', 'россельхое', 'микро', 'хорватия', 'абакан', 'турция', 'калининский район', 'таганрог', 'америка', 'конаково', 'восколько', 'курашов', 'забайкалье', 'хабаровский край', 'детский реаба', 'мрск', 'сахалин', 'витебск', 'мансийск', 'бийск', 'кировский район', 'ленобласть', 'твибанда', 'реаба', 'калачинск', 'астан', 'питер', 'кузбасс', 'житомир', 'опра', 'балаково', 'спонсировавший', 'город ижевск', 'виктория', 'адмиралтейский район', 'обнинск', 'поволжье', 'зюзино', 'доминикана', 'махачкала', 'город спасск', 'ютэйр', 'пров', 'болгария', 'трансэарое', 'вязники', 'люксембург', 'черкесск', 'германия', 'альфа', 'альфабанк', 'альфа банк', 'банк москвы', 'банк москва', 'рсхб', 'россельхозбанк', 'россельхоз банк', 'банк', 'банка', 'втб', 'райффайзенбанк', 'райфайзенбанк', 'райффайзен банк', 'райффайзен', 'райфайзен', 'сбербанк', 'сбер', 'газпром', 'газпромбанк', 'северо', 'запад', 'уралсиб', 'открытый акционерный общество', 'филиал'];"{'vectorization': CountVectorizer(analyzer='word', binary=False, decode_error='strict',
        dtype=<class 'numpy.int64'>, encoding='utf-8', input='content',
        lowercase=True, max_df=1.0, max_features=None, min_df=1,
        ngram_range=(1, 1), preprocessor=None, stop_words=None,
        strip_accents=None, token_pattern='(?u)\\b\\w\\w+\\b',
        tokenizer=None, vocabulary=None), 'vectorization__ngram_range': (1, 3), 'vectorization__min_df': 1, 'vectorization__stop_words': ['москва', 'россия', 'сша', 'украина', 'евросоюз', 'петербург', 'фанпромывший', 'крым', 'самар', 'краснодар', 'новосибирск', 'казань', 'екатеринбург', 'сочи', 'тюмень', 'иркутск', 'пермь', 'омск', 'ярославль', 'хабаровск', 'новгород', 'ижевск', 'украинский', 'волгоград', 'ростов', 'калининград', 'уфа', 'тула', 'воронеж', 'саратов', 'чебоксары', 'нижний новгород', 'дон', 'красноярск', 'киров', 'ульяновск', 'кемерово', 'запад', 'оренбург', 'куда', 'ставрополь', 'кострома', 'пенза', 'смоленск', 'вологда', 'тольятти', 'томск', 'мурманск', 'армения', 'пара', 'чита', 'липецк', 'барнаул', 'магнитогорск', 'приморье', 'сибирь', 'челябинск', 'владимир', 'сургут', 'европа', 'минск', 'дагестан', 'белгород', 'канада', 'кампания', 'саранск', 'киев', 'рязань', 'красноярский край', 'новокузнецк', 'псков', 'греция', 'тагил', 'анапа', 'луганск', 'донецк', 'колл', 'нижний тагил', 'раменское', 'амкара', 'котор', 'череповец', 'пушкино', 'тверь', 'бурятия', 'брянск', 'нальчик', 'петрозаводск', 'подмосковье', 'курган', 'аскольд', 'великий новгород', 'меркурий', 'кубань', 'беларусь', 'калуга', 'якутск', 'иран', 'татарстан', 'парнас', 'ямал', 'курск', 'восток', 'башкирия', 'южный сахалинск', 'ангарск', 'азербайджан', 'сахалинск', 'банкмосква', 'иваново', 'краснодарский край', 'фанпромой', 'урал', 'владивосток', 'орск', 'удмуртия', 'арзамас', 'волжский', 'лондон', 'уссурийск', 'весь россия', 'ухта', 'тверская', 'волгодонск', 'тамбов', 'око', 'город кемерово', 'артём', 'благовещенск', 'брюссель', 'белоруссия', 'грозный', 'вена', 'вашингтон', 'архангельск', 'югра', 'серпухов', 'чувашия', 'миасс', 'химки', 'который евросоюз', 'николаев', 'сыктывкар', 'камчатка', 'энгельс', 'китай', 'казахстан', 'стерлитамак', 'всеволожск', 'владикавказ', 'судженск', 'павлиное', 'новограда', 'корп', 'коми', 'старый оскол', 'усинск', 'каменск', 'онега', 'мытищи', 'пермский край', 'приозерск', 'различ', 'ртищево', 'оскол', 'российск', 'дальний восток', 'тобольск', 'ботлихский район', 'харьков', 'анжеро', 'орёл', 'запорожье', 'находка', 'чехия', 'прага', 'саянск', 'магадан', 'город россия', 'сума', 'лабинск', 'мошейничествочер', 'город москва', 'зеленоград', 'атба', 'геленджик', 'байкал', 'альметьевск', 'ачинск', 'госуслуга', 'ужгород', 'шотландия', 'город можга', 'нефтекамск', 'новокуйбышевск', 'кавказ', 'вебманя', 'балашиха', 'сцукое', 'грузия', 'севастополь', 'оленегорск', 'хакасия', 'новороссийск', 'петропавловск', 'недвиж', 'россельхое', 'микро', 'хорватия', 'абакан', 'турция', 'калининский район', 'таганрог', 'америка', 'конаково', 'восколько', 'курашов', 'забайкалье', 'хабаровский край', 'детский реаба', 'мрск', 'сахалин', 'витебск', 'мансийск', 'бийск', 'кировский район', 'ленобласть', 'твибанда', 'реаба', 'калачинск', 'астан', 'питер', 'кузбасс', 'житомир', 'опра', 'балаково', 'спонсировавший', 'город ижевск', 'виктория', 'адмиралтейский район', 'обнинск', 'поволжье', 'зюзино', 'доминикана', 'махачкала', 'город спасск', 'ютэйр', 'пров', 'болгария', 'трансэарое', 'вязники', 'люксембург', 'черкесск', 'германия', 'альфа', 'альфабанк', 'альфа банк', 'банк москвы', 'банк москва', 'рсхб', 'россельхозбанк', 'россельхоз банк', 'банк', 'банка', 'втб', 'райффайзенбанк', 'райфайзенбанк', 'райффайзен банк', 'райффайзен', 'райфайзен', 'сбербанк', 'сбер', 'газпром', 'газпромбанк', 'северо', 'запад', 'уралсиб', 'открытый акционерный общество', 'филиал']}";0.006155507674236615
3;0.6592699181737428;"CountVectorizer(analyzer='word', binary=False, decode_error='strict',
        dtype=<class 'numpy.int64'>, encoding='utf-8', input='content',
        lowercase=True, max_df=1.0, max_features=None, min_df=1,
        ngram_range=(1, 1), preprocessor=None, stop_words=None,
        strip_accents=None, token_pattern='(?u)\\b\\w\\w+\\b',
        tokenizer=None, vocabulary=None)";1;(1, 3);;"{'vectorization': CountVectorizer(analyzer='word', binary=False, decode_error='strict',
        dtype=<class 'numpy.int64'>, encoding='utf-8', input='content',
        lowercase=True, max_df=1.0, max_features=None, min_df=1,
        ngram_range=(1, 1), preprocessor=None, stop_words=None,
        strip_accents=None, token_pattern='(?u)\\b\\w\\w+\\b',
        tokenizer=None, vocabulary=None), 'vectorization__ngram_range': (1, 3), 'vectorization__min_df': 1, 'vectorization__stop_words': None}";0.00560029227698043
4;0.6584833286221794;"CountVectorizer(analyzer='word', binary=False, decode_error='strict',
        dtype=<class 'numpy.int64'>, encoding='utf-8', input='content',
        lowercase=True, max_df=1.0, max_features=None, min_df=1,
        ngram_range=(1, 1), preprocessor=None, stop_words=None,
        strip_accents=None, token_pattern='(?u)\\b\\w\\w+\\b',
        tokenizer=None, vocabulary=None)";1;(1, 2);;"{'vectorization': CountVectorizer(analyzer='word', binary=False, decode_error='strict',
        dtype=<class 'numpy.int64'>, encoding='utf-8', input='content',
        lowercase=True, max_df=1.0, max_features=None, min_df=1,
        ngram_range=(1, 1), preprocessor=None, stop_words=None,
        strip_accents=None, token_pattern='(?u)\\b\\w\\w+\\b',
        tokenizer=None, vocabulary=None), 'vectorization__ngram_range': (1, 2), 'vectorization__min_df': 1, 'vectorization__stop_words': None}";0.007252676573193482
5;0.6580483201341211;"CountVectorizer(analyzer='word', binary=False, decode_error='strict',
        dtype=<class 'numpy.int64'>, encoding='utf-8', input='content',
        lowercase=True, max_df=1.0, max_features=None, min_df=1,
        ngram_range=(1, 1), preprocessor=None, stop_words=None,
        strip_accents=None, token_pattern='(?u)\\b\\w\\w+\\b',
        tokenizer=None, vocabulary=None)";1;(1, 2);['москва', 'россия', 'сша', 'украина', 'евросоюз', 'петербург', 'фанпромывший', 'крым', 'самар', 'краснодар', 'новосибирск', 'казань', 'екатеринбург', 'сочи', 'тюмень', 'иркутск', 'пермь', 'омск', 'ярославль', 'хабаровск', 'новгород', 'ижевск', 'украинский', 'волгоград', 'ростов', 'калининград', 'уфа', 'тула', 'воронеж', 'саратов', 'чебоксары', 'нижний новгород', 'дон', 'красноярск', 'киров', 'ульяновск', 'кемерово', 'запад', 'оренбург', 'куда', 'ставрополь', 'кострома', 'пенза', 'смоленск', 'вологда', 'тольятти', 'томск', 'мурманск', 'армения', 'пара', 'чита', 'липецк', 'барнаул', 'магнитогорск', 'приморье', 'сибирь', 'челябинск', 'владимир', 'сургут', 'европа', 'минск', 'дагестан', 'белгород', 'канада', 'кампания', 'саранск', 'киев', 'рязань', 'красноярский край', 'новокузнецк', 'псков', 'греция', 'тагил', 'анапа', 'луганск', 'донецк', 'колл', 'нижний тагил', 'раменское', 'амкара', 'котор', 'череповец', 'пушкино', 'тверь', 'бурятия', 'брянск', 'нальчик', 'петрозаводск', 'подмосковье', 'курган', 'аскольд', 'великий новгород', 'меркурий', 'кубань', 'беларусь', 'калуга', 'якутск', 'иран', 'татарстан', 'парнас', 'ямал', 'курск', 'восток', 'башкирия', 'южный сахалинск', 'ангарск', 'азербайджан', 'сахалинск', 'банкмосква', 'иваново', 'краснодарский край', 'фанпромой', 'урал', 'владивосток', 'орск', 'удмуртия', 'арзамас', 'волжский', 'лондон', 'уссурийск', 'весь россия', 'ухта', 'тверская', 'волгодонск', 'тамбов', 'око', 'город кемерово', 'артём', 'благовещенск', 'брюссель', 'белоруссия', 'грозный', 'вена', 'вашингтон', 'архангельск', 'югра', 'серпухов', 'чувашия', 'миасс', 'химки', 'который евросоюз', 'николаев', 'сыктывкар', 'камчатка', 'энгельс', 'китай', 'казахстан', 'стерлитамак', 'всеволожск', 'владикавказ', 'судженск', 'павлиное', 'новограда', 'корп', 'коми', 'старый оскол', 'усинск', 'каменск', 'онега', 'мытищи', 'пермский край', 'приозерск', 'различ', 'ртищево', 'оскол', 'российск', 'дальний восток', 'тобольск', 'ботлихский район', 'харьков', 'анжеро', 'орёл', 'запорожье', 'находка', 'чехия', 'прага', 'саянск', 'магадан', 'город россия', 'сума', 'лабинск', 'мошейничествочер', 'город москва', 'зеленоград', 'атба', 'геленджик', 'байкал', 'альметьевск', 'ачинск', 'госуслуга', 'ужгород', 'шотландия', 'город можга', 'нефтекамск', 'новокуйбышевск', 'кавказ', 'вебманя', 'балашиха', 'сцукое', 'грузия', 'севастополь', 'оленегорск', 'хакасия', 'новороссийск', 'петропавловск', 'недвиж', 'россельхое', 'микро', 'хорватия', 'абакан', 'турция', 'калининский район', 'таганрог', 'америка', 'конаково', 'восколько', 'курашов', 'забайкалье', 'хабаровский край', 'детский реаба', 'мрск', 'сахалин', 'витебск', 'мансийск', 'бийск', 'кировский район', 'ленобласть', 'твибанда', 'реаба', 'калачинск', 'астан', 'питер', 'кузбасс', 'житомир', 'опра', 'балаково', 'спонсировавший', 'город ижевск', 'виктория', 'адмиралтейский район', 'обнинск', 'поволжье', 'зюзино', 'доминикана', 'махачкала', 'город спасск', 'ютэйр', 'пров', 'болгария', 'трансэарое', 'вязники', 'люксембург', 'черкесск', 'германия', 'альфа', 'альфабанк', 'альфа банк', 'банк москвы', 'банк москва', 'рсхб', 'россельхозбанк', 'россельхоз банк', 'банк', 'банка', 'втб', 'райффайзенбанк', 'райфайзенбанк', 'райффайзен банк', 'райффайзен', 'райфайзен', 'сбербанк', 'сбер', 'газпром', 'газпромбанк', 'северо', 'запад', 'уралсиб', 'открытый акционерный общество', 'филиал'];"{'vectorization': CountVectorizer(analyzer='word', binary=False, decode_error='strict',
        dtype=<class 'numpy.int64'>, encoding='utf-8', input='content',
        lowercase=True, max_df=1.0, max_features=None, min_df=1,
        ngram_range=(1, 1), preprocessor=None, stop_words=None,
        strip_accents=None, token_pattern='(?u)\\b\\w\\w+\\b',
        tokenizer=None, vocabulary=None), 'vectorization__ngram_range': (1, 2), 'vectorization__min_df': 1, 'vectorization__stop_words': ['москва', 'россия', 'сша', 'украина', 'евросоюз', 'петербург', 'фанпромывший', 'крым', 'самар', 'краснодар', 'новосибирск', 'казань', 'екатеринбург', 'сочи', 'тюмень', 'иркутск', 'пермь', 'омск', 'ярославль', 'хабаровск', 'новгород', 'ижевск', 'украинский', 'волгоград', 'ростов', 'калининград', 'уфа', 'тула', 'воронеж', 'саратов', 'чебоксары', 'нижний новгород', 'дон', 'красноярск', 'киров', 'ульяновск', 'кемерово', 'запад', 'оренбург', 'куда', 'ставрополь', 'кострома', 'пенза', 'смоленск', 'вологда', 'тольятти', 'томск', 'мурманск', 'армения', 'пара', 'чита', 'липецк', 'барнаул', 'магнитогорск', 'приморье', 'сибирь', 'челябинск', 'владимир', 'сургут', 'европа', 'минск', 'дагестан', 'белгород', 'канада', 'кампания', 'саранск', 'киев', 'рязань', 'красноярский край', 'новокузнецк', 'псков', 'греция', 'тагил', 'анапа', 'луганск', 'донецк', 'колл', 'нижний тагил', 'раменское', 'амкара', 'котор', 'череповец', 'пушкино', 'тверь', 'бурятия', 'брянск', 'нальчик', 'петрозаводск', 'подмосковье', 'курган', 'аскольд', 'великий новгород', 'меркурий', 'кубань', 'беларусь', 'калуга', 'якутск', 'иран', 'татарстан', 'парнас', 'ямал', 'курск', 'восток', 'башкирия', 'южный сахалинск', 'ангарск', 'азербайджан', 'сахалинск', 'банкмосква', 'иваново', 'краснодарский край', 'фанпромой', 'урал', 'владивосток', 'орск', 'удмуртия', 'арзамас', 'волжский', 'лондон', 'уссурийск', 'весь россия', 'ухта', 'тверская', 'волгодонск', 'тамбов', 'око', 'город кемерово', 'артём', 'благовещенск', 'брюссель', 'белоруссия', 'грозный', 'вена', 'вашингтон', 'архангельск', 'югра', 'серпухов', 'чувашия', 'миасс', 'химки', 'который евросоюз', 'николаев', 'сыктывкар', 'камчатка', 'энгельс', 'китай', 'казахстан', 'стерлитамак', 'всеволожск', 'владикавказ', 'судженск', 'павлиное', 'новограда', 'корп', 'коми', 'старый оскол', 'усинск', 'каменск', 'онега', 'мытищи', 'пермский край', 'приозерск', 'различ', 'ртищево', 'оскол', 'российск', 'дальний восток', 'тобольск', 'ботлихский район', 'харьков', 'анжеро', 'орёл', 'запорожье', 'находка', 'чехия', 'прага', 'саянск', 'магадан', 'город россия', 'сума', 'лабинск', 'мошейничествочер', 'город москва', 'зеленоград', 'атба', 'геленджик', 'байкал', 'альметьевск', 'ачинск', 'госуслуга', 'ужгород', 'шотландия', 'город можга', 'нефтекамск', 'новокуйбышевск', 'кавказ', 'вебманя', 'балашиха', 'сцукое', 'грузия', 'севастополь', 'оленегорск', 'хакасия', 'новороссийск', 'петропавловск', 'недвиж', 'россельхое', 'микро', 'хорватия', 'абакан', 'турция', 'калининский район', 'таганрог', 'америка', 'конаково', 'восколько', 'курашов', 'забайкалье', 'хабаровский край', 'детский реаба', 'мрск', 'сахалин', 'витебск', 'мансийск', 'бийск', 'кировский район', 'ленобласть', 'твибанда', 'реаба', 'калачинск', 'астан', 'питер', 'кузбасс', 'житомир', 'опра', 'балаково', 'спонсировавший', 'город ижевск', 'виктория', 'адмиралтейский район', 'обнинск', 'поволжье', 'зюзино', 'доминикана', 'махачкала', 'город спасск', 'ютэйр', 'пров', 'болгария', 'трансэарое', 'вязники', 'люксембург', 'черкесск', 'германия', 'альфа', 'альфабанк', 'альфа банк', 'банк москвы', 'банк москва', 'рсхб', 'россельхозбанк', 'россельхоз банк', 'банк', 'банка', 'втб', 'райффайзенбанк', 'райфайзенбанк', 'райффайзен банк', 'райффайзен', 'райфайзен', 'сбербанк', 'сбер', 'газпром', 'газпромбанк', 'северо', 'запад', 'уралсиб', 'открытый акционерный общество', 'филиал']}";0.006338996431854359
6;0.6576864779220171;"CountVectorizer(analyzer='word', binary=False, decode_error='strict',
        dtype=<class 'numpy.int64'>, encoding='utf-8', input='content',
        lowercase=True, max_df=1.0, max_features=None, min_df=1,
        ngram_range=(1, 1), preprocessor=None, stop_words=None,
        strip_accents=None, token_pattern='(?u)\\b\\w\\w+\\b',
        tokenizer=None, vocabulary=None)";1;(1, 3);['и', 'в', 'во', 'что', 'он', 'на', 'я', 'с', 'со', 'как', 'а', 'то', 'все', 'она', 'так', 'его', 'но', 'да', 'ты', 'к', 'у', 'же', 'вы', 'за', 'бы', 'по', 'только', 'ее', 'мне', 'было', 'вот', 'от', 'меня', 'еще', 'нет', 'о', 'из', 'ему', 'теперь', 'когда', 'даже', 'ну', 'вдруг', 'ли', 'если', 'уже', 'или', 'ни', 'быть', 'был', 'него', 'до', 'вас', 'нибудь', 'опять', 'уж', 'вам', 'ведь', 'там', 'потом', 'себя', 'ничего', 'ей', 'может', 'они', 'тут', 'где', 'есть', 'надо', 'ней', 'для', 'мы', 'тебя', 'их', 'чем', 'была', 'сам', 'чтоб', 'без', 'будто', 'чего', 'раз', 'тоже', 'себе', 'под', 'будет', 'ж', 'тогда', 'кто', 'этот', 'того', 'потому', 'этого', 'какой', 'совсем', 'ним', 'здесь', 'этом', 'один', 'почти', 'мой', 'тем', 'чтобы', 'нее', 'сейчас', 'были', 'куда', 'зачем', 'всех', 'никогда', 'можно', 'при', 'наконец', 'два', 'об', 'другой', 'хоть', 'после', 'над', 'больше', 'тот', 'через', 'эти', 'нас', 'про', 'всего', 'них', 'какая', 'много', 'разве', 'три', 'эту', 'моя', 'впрочем', 'хорошо', 'свою', 'этой', 'перед', 'иногда', 'лучше', 'чуть', 'том', 'нельзя', 'такой', 'им', 'более', 'всегда', 'конечно', 'всю', 'между'];"{'vectorization': CountVectorizer(analyzer='word', binary=False, decode_error='strict',
        dtype=<class 'numpy.int64'>, encoding='utf-8', input='content',
        lowercase=True, max_df=1.0, max_features=None, min_df=1,
        ngram_range=(1, 1), preprocessor=None, stop_words=None,
        strip_accents=None, token_pattern='(?u)\\b\\w\\w+\\b',
        tokenizer=None, vocabulary=None), 'vectorization__ngram_range': (1, 3), 'vectorization__min_df': 1, 'vectorization__stop_words': ['и', 'в', 'во', 'что', 'он', 'на', 'я', 'с', 'со', 'как', 'а', 'то', 'все', 'она', 'так', 'его', 'но', 'да', 'ты', 'к', 'у', 'же', 'вы', 'за', 'бы', 'по', 'только', 'ее', 'мне', 'было', 'вот', 'от', 'меня', 'еще', 'нет', 'о', 'из', 'ему', 'теперь', 'когда', 'даже', 'ну', 'вдруг', 'ли', 'если', 'уже', 'или', 'ни', 'быть', 'был', 'него', 'до', 'вас', 'нибудь', 'опять', 'уж', 'вам', 'ведь', 'там', 'потом', 'себя', 'ничего', 'ей', 'может', 'они', 'тут', 'где', 'есть', 'надо', 'ней', 'для', 'мы', 'тебя', 'их', 'чем', 'была', 'сам', 'чтоб', 'без', 'будто', 'чего', 'раз', 'тоже', 'себе', 'под', 'будет', 'ж', 'тогда', 'кто', 'этот', 'того', 'потому', 'этого', 'какой', 'совсем', 'ним', 'здесь', 'этом', 'один', 'почти', 'мой', 'тем', 'чтобы', 'нее', 'сейчас', 'были', 'куда', 'зачем', 'всех', 'никогда', 'можно', 'при', 'наконец', 'два', 'об', 'другой', 'хоть', 'после', 'над', 'больше', 'тот', 'через', 'эти', 'нас', 'про', 'всего', 'них', 'какая', 'много', 'разве', 'три', 'эту', 'моя', 'впрочем', 'хорошо', 'свою', 'этой', 'перед', 'иногда', 'лучше', 'чуть', 'том', 'нельзя', 'такой', 'им', 'более', 'всегда', 'конечно', 'всю', 'между']}";0.007541111598246851
7;0.6576571350738079;"CountVectorizer(analyzer='word', binary=False, decode_error='strict',
        dtype=<class 'numpy.int64'>, encoding='utf-8', input='content',
        lowercase=True, max_df=1.0, max_features=None, min_df=1,
        ngram_range=(1, 1), preprocessor=None, stop_words=None,
        strip_accents=None, token_pattern='(?u)\\b\\w\\w+\\b',
        tokenizer=None, vocabulary=None)";1;(1, 2);['и', 'в', 'во', 'что', 'он', 'на', 'я', 'с', 'со', 'как', 'а', 'то', 'все', 'она', 'так', 'его', 'но', 'да', 'ты', 'к', 'у', 'же', 'вы', 'за', 'бы', 'по', 'только', 'ее', 'мне', 'было', 'вот', 'от', 'меня', 'еще', 'нет', 'о', 'из', 'ему', 'теперь', 'когда', 'даже', 'ну', 'вдруг', 'ли', 'если', 'уже', 'или', 'ни', 'быть', 'был', 'него', 'до', 'вас', 'нибудь', 'опять', 'уж', 'вам', 'ведь', 'там', 'потом', 'себя', 'ничего', 'ей', 'может', 'они', 'тут', 'где', 'есть', 'надо', 'ней', 'для', 'мы', 'тебя', 'их', 'чем', 'была', 'сам', 'чтоб', 'без', 'будто', 'чего', 'раз', 'тоже', 'себе', 'под', 'будет', 'ж', 'тогда', 'кто', 'этот', 'того', 'потому', 'этого', 'какой', 'совсем', 'ним', 'здесь', 'этом', 'один', 'почти', 'мой', 'тем', 'чтобы', 'нее', 'сейчас', 'были', 'куда', 'зачем', 'всех', 'никогда', 'можно', 'при', 'наконец', 'два', 'об', 'другой', 'хоть', 'после', 'над', 'больше', 'тот', 'через', 'эти', 'нас', 'про', 'всего', 'них', 'какая', 'много', 'разве', 'три', 'эту', 'моя', 'впрочем', 'хорошо', 'свою', 'этой', 'перед', 'иногда', 'лучше', 'чуть', 'том', 'нельзя', 'такой', 'им', 'более', 'всегда', 'конечно', 'всю', 'между'];"{'vectorization': CountVectorizer(analyzer='word', binary=False, decode_error='strict',
        dtype=<class 'numpy.int64'>, encoding='utf-8', input='content',
        lowercase=True, max_df=1.0, max_features=None, min_df=1,
        ngram_range=(1, 1), preprocessor=None, stop_words=None,
        strip_accents=None, token_pattern='(?u)\\b\\w\\w+\\b',
        tokenizer=None, vocabulary=None), 'vectorization__ngram_range': (1, 2), 'vectorization__min_df': 1, 'vectorization__stop_words': ['и', 'в', 'во', 'что', 'он', 'на', 'я', 'с', 'со', 'как', 'а', 'то', 'все', 'она', 'так', 'его', 'но', 'да', 'ты', 'к', 'у', 'же', 'вы', 'за', 'бы', 'по', 'только', 'ее', 'мне', 'было', 'вот', 'от', 'меня', 'еще', 'нет', 'о', 'из', 'ему', 'теперь', 'когда', 'даже', 'ну', 'вдруг', 'ли', 'если', 'уже', 'или', 'ни', 'быть', 'был', 'него', 'до', 'вас', 'нибудь', 'опять', 'уж', 'вам', 'ведь', 'там', 'потом', 'себя', 'ничего', 'ей', 'может', 'они', 'тут', 'где', 'есть', 'надо', 'ней', 'для', 'мы', 'тебя', 'их', 'чем', 'была', 'сам', 'чтоб', 'без', 'будто', 'чего', 'раз', 'тоже', 'себе', 'под', 'будет', 'ж', 'тогда', 'кто', 'этот', 'того', 'потому', 'этого', 'какой', 'совсем', 'ним', 'здесь', 'этом', 'один', 'почти', 'мой', 'тем', 'чтобы', 'нее', 'сейчас', 'были', 'куда', 'зачем', 'всех', 'никогда', 'можно', 'при', 'наконец', 'два', 'об', 'другой', 'хоть', 'после', 'над', 'больше', 'тот', 'через', 'эти', 'нас', 'про', 'всего', 'них', 'какая', 'много', 'разве', 'три', 'эту', 'моя', 'впрочем', 'хорошо', 'свою', 'этой', 'перед', 'иногда', 'лучше', 'чуть', 'том', 'нельзя', 'такой', 'им', 'более', 'всегда', 'конечно', 'всю', 'между']}";0.004026666091450433
8;0.639750777266636;"CountVectorizer(analyzer='word', binary=False, decode_error='strict',
        dtype=<class 'numpy.int64'>, encoding='utf-8', input='content',
        lowercase=True, max_df=1.0, max_features=None, min_df=2,
        ngram_range=(1, 2), preprocessor=None, stop_words=None,
        strip_accents=None, token_pattern='(?u)\\b\\w\\w+\\b',
        tokenizer=None, vocabulary=None)";2;(1, 1);;"{'vectorization': CountVectorizer(analyzer='word', binary=False, decode_error='strict',
        dtype=<class 'numpy.int64'>, encoding='utf-8', input='content',
        lowercase=True, max_df=1.0, max_features=None, min_df=2,
        ngram_range=(1, 2), preprocessor=None, stop_words=None,
        strip_accents=None, token_pattern='(?u)\\b\\w\\w+\\b',
        tokenizer=None, vocabulary=None), 'vectorization__ngram_range': (1, 1), 'vectorization__min_df': 2, 'vectorization__stop_words': None}";0.009249199657310579
9;0.6308118756214735;"CountVectorizer(analyzer='word', binary=False, decode_error='strict',
        dtype=<class 'numpy.int64'>, encoding='utf-8', input='content',
        lowercase=True, max_df=1.0, max_features=None, min_df=1,
        ngram_range=(1, 1), preprocessor=None, stop_words=None,
        strip_accents=None, token_pattern='(?u)\\b\\w\\w+\\b',
        tokenizer=None, vocabulary=None)";1;(1, 1);['москва', 'россия', 'сша', 'украина', 'евросоюз', 'петербург', 'фанпромывший', 'крым', 'самар', 'краснодар', 'новосибирск', 'казань', 'екатеринбург', 'сочи', 'тюмень', 'иркутск', 'пермь', 'омск', 'ярославль', 'хабаровск', 'новгород', 'ижевск', 'украинский', 'волгоград', 'ростов', 'калининград', 'уфа', 'тула', 'воронеж', 'саратов', 'чебоксары', 'нижний новгород', 'дон', 'красноярск', 'киров', 'ульяновск', 'кемерово', 'запад', 'оренбург', 'куда', 'ставрополь', 'кострома', 'пенза', 'смоленск', 'вологда', 'тольятти', 'томск', 'мурманск', 'армения', 'пара', 'чита', 'липецк', 'барнаул', 'магнитогорск', 'приморье', 'сибирь', 'челябинск', 'владимир', 'сургут', 'европа', 'минск', 'дагестан', 'белгород', 'канада', 'кампания', 'саранск', 'киев', 'рязань', 'красноярский край', 'новокузнецк', 'псков', 'греция', 'тагил', 'анапа', 'луганск', 'донецк', 'колл', 'нижний тагил', 'раменское', 'амкара', 'котор', 'череповец', 'пушкино', 'тверь', 'бурятия', 'брянск', 'нальчик', 'петрозаводск', 'подмосковье', 'курган', 'аскольд', 'великий новгород', 'меркурий', 'кубань', 'беларусь', 'калуга', 'якутск', 'иран', 'татарстан', 'парнас', 'ямал', 'курск', 'восток', 'башкирия', 'южный сахалинск', 'ангарск', 'азербайджан', 'сахалинск', 'банкмосква', 'иваново', 'краснодарский край', 'фанпромой', 'урал', 'владивосток', 'орск', 'удмуртия', 'арзамас', 'волжский', 'лондон', 'уссурийск', 'весь россия', 'ухта', 'тверская', 'волгодонск', 'тамбов', 'око', 'город кемерово', 'артём', 'благовещенск', 'брюссель', 'белоруссия', 'грозный', 'вена', 'вашингтон', 'архангельск', 'югра', 'серпухов', 'чувашия', 'миасс', 'химки', 'который евросоюз', 'николаев', 'сыктывкар', 'камчатка', 'энгельс', 'китай', 'казахстан', 'стерлитамак', 'всеволожск', 'владикавказ', 'судженск', 'павлиное', 'новограда', 'корп', 'коми', 'старый оскол', 'усинск', 'каменск', 'онега', 'мытищи', 'пермский край', 'приозерск', 'различ', 'ртищево', 'оскол', 'российск', 'дальний восток', 'тобольск', 'ботлихский район', 'харьков', 'анжеро', 'орёл', 'запорожье', 'находка', 'чехия', 'прага', 'саянск', 'магадан', 'город россия', 'сума', 'лабинск', 'мошейничествочер', 'город москва', 'зеленоград', 'атба', 'геленджик', 'байкал', 'альметьевск', 'ачинск', 'госуслуга', 'ужгород', 'шотландия', 'город можга', 'нефтекамск', 'новокуйбышевск', 'кавказ', 'вебманя', 'балашиха', 'сцукое', 'грузия', 'севастополь', 'оленегорск', 'хакасия', 'новороссийск', 'петропавловск', 'недвиж', 'россельхое', 'микро', 'хорватия', 'абакан', 'турция', 'калининский район', 'таганрог', 'америка', 'конаково', 'восколько', 'курашов', 'забайкалье', 'хабаровский край', 'детский реаба', 'мрск', 'сахалин', 'витебск', 'мансийск', 'бийск', 'кировский район', 'ленобласть', 'твибанда', 'реаба', 'калачинск', 'астан', 'питер', 'кузбасс', 'житомир', 'опра', 'балаково', 'спонсировавший', 'город ижевск', 'виктория', 'адмиралтейский район', 'обнинск', 'поволжье', 'зюзино', 'доминикана', 'махачкала', 'город спасск', 'ютэйр', 'пров', 'болгария', 'трансэарое', 'вязники', 'люксембург', 'черкесск', 'германия', 'альфа', 'альфабанк', 'альфа банк', 'банк москвы', 'банк москва', 'рсхб', 'россельхозбанк', 'россельхоз банк', 'банк', 'банка', 'втб', 'райффайзенбанк', 'райфайзенбанк', 'райффайзен банк', 'райффайзен', 'райфайзен', 'сбербанк', 'сбер', 'газпром', 'газпромбанк', 'северо', 'запад', 'уралсиб', 'открытый акционерный общество', 'филиал'];"{'vectorization': CountVectorizer(analyzer='word', binary=False, decode_error='strict',
        dtype=<class 'numpy.int64'>, encoding='utf-8', input='content',
        lowercase=True, max_df=1.0, max_features=None, min_df=1,
        ngram_range=(1, 1), preprocessor=None, stop_words=None,
        strip_accents=None, token_pattern='(?u)\\b\\w\\w+\\b',
        tokenizer=None, vocabulary=None), 'vectorization__ngram_range': (1, 1), 'vectorization__min_df': 1, 'vectorization__stop_words': ['москва', 'россия', 'сша', 'украина', 'евросоюз', 'петербург', 'фанпромывший', 'крым', 'самар', 'краснодар', 'новосибирск', 'казань', 'екатеринбург', 'сочи', 'тюмень', 'иркутск', 'пермь', 'омск', 'ярославль', 'хабаровск', 'новгород', 'ижевск', 'украинский', 'волгоград', 'ростов', 'калининград', 'уфа', 'тула', 'воронеж', 'саратов', 'чебоксары', 'нижний новгород', 'дон', 'красноярск', 'киров', 'ульяновск', 'кемерово', 'запад', 'оренбург', 'куда', 'ставрополь', 'кострома', 'пенза', 'смоленск', 'вологда', 'тольятти', 'томск', 'мурманск', 'армения', 'пара', 'чита', 'липецк', 'барнаул', 'магнитогорск', 'приморье', 'сибирь', 'челябинск', 'владимир', 'сургут', 'европа', 'минск', 'дагестан', 'белгород', 'канада', 'кампания', 'саранск', 'киев', 'рязань', 'красноярский край', 'новокузнецк', 'псков', 'греция', 'тагил', 'анапа', 'луганск', 'донецк', 'колл', 'нижний тагил', 'раменское', 'амкара', 'котор', 'череповец', 'пушкино', 'тверь', 'бурятия', 'брянск', 'нальчик', 'петрозаводск', 'подмосковье', 'курган', 'аскольд', 'великий новгород', 'меркурий', 'кубань', 'беларусь', 'калуга', 'якутск', 'иран', 'татарстан', 'парнас', 'ямал', 'курск', 'восток', 'башкирия', 'южный сахалинск', 'ангарск', 'азербайджан', 'сахалинск', 'банкмосква', 'иваново', 'краснодарский край', 'фанпромой', 'урал', 'владивосток', 'орск', 'удмуртия', 'арзамас', 'волжский', 'лондон', 'уссурийск', 'весь россия', 'ухта', 'тверская', 'волгодонск', 'тамбов', 'око', 'город кемерово', 'артём', 'благовещенск', 'брюссель', 'белоруссия', 'грозный', 'вена', 'вашингтон', 'архангельск', 'югра', 'серпухов', 'чувашия', 'миасс', 'химки', 'который евросоюз', 'николаев', 'сыктывкар', 'камчатка', 'энгельс', 'китай', 'казахстан', 'стерлитамак', 'всеволожск', 'владикавказ', 'судженск', 'павлиное', 'новограда', 'корп', 'коми', 'старый оскол', 'усинск', 'каменск', 'онега', 'мытищи', 'пермский край', 'приозерск', 'различ', 'ртищево', 'оскол', 'российск', 'дальний восток', 'тобольск', 'ботлихский район', 'харьков', 'анжеро', 'орёл', 'запорожье', 'находка', 'чехия', 'прага', 'саянск', 'магадан', 'город россия', 'сума', 'лабинск', 'мошейничествочер', 'город москва', 'зеленоград', 'атба', 'геленджик', 'байкал', 'альметьевск', 'ачинск', 'госуслуга', 'ужгород', 'шотландия', 'город можга', 'нефтекамск', 'новокуйбышевск', 'кавказ', 'вебманя', 'балашиха', 'сцукое', 'грузия', 'севастополь', 'оленегорск', 'хакасия', 'новороссийск', 'петропавловск', 'недвиж', 'россельхое', 'микро', 'хорватия', 'абакан', 'турция', 'калининский район', 'таганрог', 'америка', 'конаково', 'восколько', 'курашов', 'забайкалье', 'хабаровский край', 'детский реаба', 'мрск', 'сахалин', 'витебск', 'мансийск', 'бийск', 'кировский район', 'ленобласть', 'твибанда', 'реаба', 'калачинск', 'астан', 'питер', 'кузбасс', 'житомир', 'опра', 'балаково', 'спонсировавший', 'город ижевск', 'виктория', 'адмиралтейский район', 'обнинск', 'поволжье', 'зюзино', 'доминикана', 'махачкала', 'город спасск', 'ютэйр', 'пров', 'болгария', 'трансэарое', 'вязники', 'люксембург', 'черкесск', 'германия', 'альфа', 'альфабанк', 'альфа банк', 'банк москвы', 'банк москва', 'рсхб', 'россельхозбанк', 'россельхоз банк', 'банк', 'банка', 'втб', 'райффайзенбанк', 'райфайзенбанк', 'райффайзен банк', 'райффайзен', 'райфайзен', 'сбербанк', 'сбер', 'газпром', 'газпромбанк', 'северо', 'запад', 'уралсиб', 'открытый акционерный общество', 'филиал']}";0.004231670100200435
10;0.6285307589852954;"CountVectorizer(analyzer='word', binary=False, decode_error='strict',
        dtype=<class 'numpy.int64'>, encoding='utf-8', input='content',
        lowercase=True, max_df=1.0, max_features=None, min_df=1,
        ngram_range=(1, 1), preprocessor=None, stop_words=None,
        strip_accents=None, token_pattern='(?u)\\b\\w\\w+\\b',
        tokenizer=None, vocabulary=None)";1;(1, 1);;"{'vectorization': CountVectorizer(analyzer='word', binary=False, decode_error='strict',
        dtype=<class 'numpy.int64'>, encoding='utf-8', input='content',
        lowercase=True, max_df=1.0, max_features=None, min_df=1,
        ngram_range=(1, 1), preprocessor=None, stop_words=None,
        strip_accents=None, token_pattern='(?u)\\b\\w\\w+\\b',
        tokenizer=None, vocabulary=None), 'vectorization__ngram_range': (1, 1), 'vectorization__min_df': 1, 'vectorization__stop_words': None}";0.00892071780262797
11;0.6271563529847114;"CountVectorizer(analyzer='word', binary=False, decode_error='strict',
        dtype=<class 'numpy.int64'>, encoding='utf-8', input='content',
        lowercase=True, max_df=1.0, max_features=None, min_df=1,
        ngram_range=(1, 1), preprocessor=None, stop_words=None,
        strip_accents=None, token_pattern='(?u)\\b\\w\\w+\\b',
        tokenizer=None, vocabulary=None)";1;(1, 1);['и', 'в', 'во', 'что', 'он', 'на', 'я', 'с', 'со', 'как', 'а', 'то', 'все', 'она', 'так', 'его', 'но', 'да', 'ты', 'к', 'у', 'же', 'вы', 'за', 'бы', 'по', 'только', 'ее', 'мне', 'было', 'вот', 'от', 'меня', 'еще', 'нет', 'о', 'из', 'ему', 'теперь', 'когда', 'даже', 'ну', 'вдруг', 'ли', 'если', 'уже', 'или', 'ни', 'быть', 'был', 'него', 'до', 'вас', 'нибудь', 'опять', 'уж', 'вам', 'ведь', 'там', 'потом', 'себя', 'ничего', 'ей', 'может', 'они', 'тут', 'где', 'есть', 'надо', 'ней', 'для', 'мы', 'тебя', 'их', 'чем', 'была', 'сам', 'чтоб', 'без', 'будто', 'чего', 'раз', 'тоже', 'себе', 'под', 'будет', 'ж', 'тогда', 'кто', 'этот', 'того', 'потому', 'этого', 'какой', 'совсем', 'ним', 'здесь', 'этом', 'один', 'почти', 'мой', 'тем', 'чтобы', 'нее', 'сейчас', 'были', 'куда', 'зачем', 'всех', 'никогда', 'можно', 'при', 'наконец', 'два', 'об', 'другой', 'хоть', 'после', 'над', 'больше', 'тот', 'через', 'эти', 'нас', 'про', 'всего', 'них', 'какая', 'много', 'разве', 'три', 'эту', 'моя', 'впрочем', 'хорошо', 'свою', 'этой', 'перед', 'иногда', 'лучше', 'чуть', 'том', 'нельзя', 'такой', 'им', 'более', 'всегда', 'конечно', 'всю', 'между'];"{'vectorization': CountVectorizer(analyzer='word', binary=False, decode_error='strict',
        dtype=<class 'numpy.int64'>, encoding='utf-8', input='content',
        lowercase=True, max_df=1.0, max_features=None, min_df=1,
        ngram_range=(1, 1), preprocessor=None, stop_words=None,
        strip_accents=None, token_pattern='(?u)\\b\\w\\w+\\b',
        tokenizer=None, vocabulary=None), 'vectorization__ngram_range': (1, 1), 'vectorization__min_df': 1, 'vectorization__stop_words': ['и', 'в', 'во', 'что', 'он', 'на', 'я', 'с', 'со', 'как', 'а', 'то', 'все', 'она', 'так', 'его', 'но', 'да', 'ты', 'к', 'у', 'же', 'вы', 'за', 'бы', 'по', 'только', 'ее', 'мне', 'было', 'вот', 'от', 'меня', 'еще', 'нет', 'о', 'из', 'ему', 'теперь', 'когда', 'даже', 'ну', 'вдруг', 'ли', 'если', 'уже', 'или', 'ни', 'быть', 'был', 'него', 'до', 'вас', 'нибудь', 'опять', 'уж', 'вам', 'ведь', 'там', 'потом', 'себя', 'ничего', 'ей', 'может', 'они', 'тут', 'где', 'есть', 'надо', 'ней', 'для', 'мы', 'тебя', 'их', 'чем', 'была', 'сам', 'чтоб', 'без', 'будто', 'чего', 'раз', 'тоже', 'себе', 'под', 'будет', 'ж', 'тогда', 'кто', 'этот', 'того', 'потому', 'этого', 'какой', 'совсем', 'ним', 'здесь', 'этом', 'один', 'почти', 'мой', 'тем', 'чтобы', 'нее', 'сейчас', 'были', 'куда', 'зачем', 'всех', 'никогда', 'можно', 'при', 'наконец', 'два', 'об', 'другой', 'хоть', 'после', 'над', 'больше', 'тот', 'через', 'эти', 'нас', 'про', 'всего', 'них', 'какая', 'много', 'разве', 'три', 'эту', 'моя', 'впрочем', 'хорошо', 'свою', 'этой', 'перед', 'иногда', 'лучше', 'чуть', 'том', 'нельзя', 'такой', 'им', 'более', 'всегда', 'конечно', 'всю', 'между']}";0.006692715181569476
12;0.5358028732353636;"TfidfVectorizer(analyzer='word', binary=False, decode_error='strict',
        dtype=<class 'numpy.int64'>, encoding='utf-8', input='content',
        lowercase=True, max_df=1.0, max_features=None, min_df=1,
        ngram_range=(1, 1), norm='l2', preprocessor=None, smooth_idf=True,
        stop_words=None, strip_accents=None, sublinear_tf=False,
        token_pattern='(?u)\\b\\w\\w+\\b', tokenizer=None, use_idf=True,
        vocabulary=None)";2;(1, 2);;"{'vectorization': TfidfVectorizer(analyzer='word', binary=False, decode_error='strict',
        dtype=<class 'numpy.int64'>, encoding='utf-8', input='content',
        lowercase=True, max_df=1.0, max_features=None, min_df=1,
        ngram_range=(1, 1), norm='l2', preprocessor=None, smooth_idf=True,
        stop_words=None, strip_accents=None, sublinear_tf=False,
        token_pattern='(?u)\\b\\w\\w+\\b', tokenizer=None, use_idf=True,
        vocabulary=None), 'vectorization__ngram_range': (1, 2), 'vectorization__min_df': 2, 'vectorization__stop_words': None}";0.012681152055398468
13;0.533747930595851;"TfidfVectorizer(analyzer='word', binary=False, decode_error='strict',
        dtype=<class 'numpy.int64'>, encoding='utf-8', input='content',
        lowercase=True, max_df=1.0, max_features=None, min_df=1,
        ngram_range=(1, 1), norm='l2', preprocessor=None, smooth_idf=True,
        stop_words=None, strip_accents=None, sublinear_tf=False,
        token_pattern='(?u)\\b\\w\\w+\\b', tokenizer=None, use_idf=True,
        vocabulary=None)";2;(1, 3);;"{'vectorization': TfidfVectorizer(analyzer='word', binary=False, decode_error='strict',
        dtype=<class 'numpy.int64'>, encoding='utf-8', input='content',
        lowercase=True, max_df=1.0, max_features=None, min_df=1,
        ngram_range=(1, 1), norm='l2', preprocessor=None, smooth_idf=True,
        stop_words=None, strip_accents=None, sublinear_tf=False,
        token_pattern='(?u)\\b\\w\\w+\\b', tokenizer=None, use_idf=True,
        vocabulary=None), 'vectorization__ngram_range': (1, 3), 'vectorization__min_df': 2, 'vectorization__stop_words': None}";0.009373290621331656
14;0.5154341247791258;"TfidfVectorizer(analyzer='word', binary=False, decode_error='strict',
        dtype=<class 'numpy.int64'>, encoding='utf-8', input='content',
        lowercase=True, max_df=1.0, max_features=None, min_df=1,
        ngram_range=(1, 1), norm='l2', preprocessor=None, smooth_idf=True,
        stop_words=None, strip_accents=None, sublinear_tf=False,
        token_pattern='(?u)\\b\\w\\w+\\b', tokenizer=None, use_idf=True,
        vocabulary=None)";2;(1, 1);;"{'vectorization': TfidfVectorizer(analyzer='word', binary=False, decode_error='strict',
        dtype=<class 'numpy.int64'>, encoding='utf-8', input='content',
        lowercase=True, max_df=1.0, max_features=None, min_df=1,
        ngram_range=(1, 1), norm='l2', preprocessor=None, smooth_idf=True,
        stop_words=None, strip_accents=None, sublinear_tf=False,
        token_pattern='(?u)\\b\\w\\w+\\b', tokenizer=None, use_idf=True,
        vocabulary=None), 'vectorization__ngram_range': (1, 1), 'vectorization__min_df': 2, 'vectorization__stop_words': None}";0.017308003017552476
15;0.4519165945042622;"TfidfVectorizer(analyzer='word', binary=False, decode_error='strict',
        dtype=<class 'numpy.int64'>, encoding='utf-8', input='content',
        lowercase=True, max_df=1.0, max_features=None, min_df=1,
        ngram_range=(1, 1), norm='l2', preprocessor=None, smooth_idf=True,
        stop_words=None, strip_accents=None, sublinear_tf=False,
        token_pattern='(?u)\\b\\w\\w+\\b', tokenizer=None, use_idf=True,
        vocabulary=None)";1;(1, 1);['москва', 'россия', 'сша', 'украина', 'евросоюз', 'петербург', 'фанпромывший', 'крым', 'самар', 'краснодар', 'новосибирск', 'казань', 'екатеринбург', 'сочи', 'тюмень', 'иркутск', 'пермь', 'омск', 'ярославль', 'хабаровск', 'новгород', 'ижевск', 'украинский', 'волгоград', 'ростов', 'калининград', 'уфа', 'тула', 'воронеж', 'саратов', 'чебоксары', 'нижний новгород', 'дон', 'красноярск', 'киров', 'ульяновск', 'кемерово', 'запад', 'оренбург', 'куда', 'ставрополь', 'кострома', 'пенза', 'смоленск', 'вологда', 'тольятти', 'томск', 'мурманск', 'армения', 'пара', 'чита', 'липецк', 'барнаул', 'магнитогорск', 'приморье', 'сибирь', 'челябинск', 'владимир', 'сургут', 'европа', 'минск', 'дагестан', 'белгород', 'канада', 'кампания', 'саранск', 'киев', 'рязань', 'красноярский край', 'новокузнецк', 'псков', 'греция', 'тагил', 'анапа', 'луганск', 'донецк', 'колл', 'нижний тагил', 'раменское', 'амкара', 'котор', 'череповец', 'пушкино', 'тверь', 'бурятия', 'брянск', 'нальчик', 'петрозаводск', 'подмосковье', 'курган', 'аскольд', 'великий новгород', 'меркурий', 'кубань', 'беларусь', 'калуга', 'якутск', 'иран', 'татарстан', 'парнас', 'ямал', 'курск', 'восток', 'башкирия', 'южный сахалинск', 'ангарск', 'азербайджан', 'сахалинск', 'банкмосква', 'иваново', 'краснодарский край', 'фанпромой', 'урал', 'владивосток', 'орск', 'удмуртия', 'арзамас', 'волжский', 'лондон', 'уссурийск', 'весь россия', 'ухта', 'тверская', 'волгодонск', 'тамбов', 'око', 'город кемерово', 'артём', 'благовещенск', 'брюссель', 'белоруссия', 'грозный', 'вена', 'вашингтон', 'архангельск', 'югра', 'серпухов', 'чувашия', 'миасс', 'химки', 'который евросоюз', 'николаев', 'сыктывкар', 'камчатка', 'энгельс', 'китай', 'казахстан', 'стерлитамак', 'всеволожск', 'владикавказ', 'судженск', 'павлиное', 'новограда', 'корп', 'коми', 'старый оскол', 'усинск', 'каменск', 'онега', 'мытищи', 'пермский край', 'приозерск', 'различ', 'ртищево', 'оскол', 'российск', 'дальний восток', 'тобольск', 'ботлихский район', 'харьков', 'анжеро', 'орёл', 'запорожье', 'находка', 'чехия', 'прага', 'саянск', 'магадан', 'город россия', 'сума', 'лабинск', 'мошейничествочер', 'город москва', 'зеленоград', 'атба', 'геленджик', 'байкал', 'альметьевск', 'ачинск', 'госуслуга', 'ужгород', 'шотландия', 'город можга', 'нефтекамск', 'новокуйбышевск', 'кавказ', 'вебманя', 'балашиха', 'сцукое', 'грузия', 'севастополь', 'оленегорск', 'хакасия', 'новороссийск', 'петропавловск', 'недвиж', 'россельхое', 'микро', 'хорватия', 'абакан', 'турция', 'калининский район', 'таганрог', 'америка', 'конаково', 'восколько', 'курашов', 'забайкалье', 'хабаровский край', 'детский реаба', 'мрск', 'сахалин', 'витебск', 'мансийск', 'бийск', 'кировский район', 'ленобласть', 'твибанда', 'реаба', 'калачинск', 'астан', 'питер', 'кузбасс', 'житомир', 'опра', 'балаково', 'спонсировавший', 'город ижевск', 'виктория', 'адмиралтейский район', 'обнинск', 'поволжье', 'зюзино', 'доминикана', 'махачкала', 'город спасск', 'ютэйр', 'пров', 'болгария', 'трансэарое', 'вязники', 'люксембург', 'черкесск', 'германия', 'альфа', 'альфабанк', 'альфа банк', 'банк москвы', 'банк москва', 'рсхб', 'россельхозбанк', 'россельхоз банк', 'банк', 'банка', 'втб', 'райффайзенбанк', 'райфайзенбанк', 'райффайзен банк', 'райффайзен', 'райфайзен', 'сбербанк', 'сбер', 'газпром', 'газпромбанк', 'северо', 'запад', 'уралсиб', 'открытый акционерный общество', 'филиал'];"{'vectorization': TfidfVectorizer(analyzer='word', binary=False, decode_error='strict',
        dtype=<class 'numpy.int64'>, encoding='utf-8', input='content',
        lowercase=True, max_df=1.0, max_features=None, min_df=1,
        ngram_range=(1, 1), norm='l2', preprocessor=None, smooth_idf=True,
        stop_words=None, strip_accents=None, sublinear_tf=False,
        token_pattern='(?u)\\b\\w\\w+\\b', tokenizer=None, use_idf=True,
        vocabulary=None), 'vectorization__ngram_range': (1, 1), 'vectorization__min_df': 1, 'vectorization__stop_words': ['москва', 'россия', 'сша', 'украина', 'евросоюз', 'петербург', 'фанпромывший', 'крым', 'самар', 'краснодар', 'новосибирск', 'казань', 'екатеринбург', 'сочи', 'тюмень', 'иркутск', 'пермь', 'омск', 'ярославль', 'хабаровск', 'новгород', 'ижевск', 'украинский', 'волгоград', 'ростов', 'калининград', 'уфа', 'тула', 'воронеж', 'саратов', 'чебоксары', 'нижний новгород', 'дон', 'красноярск', 'киров', 'ульяновск', 'кемерово', 'запад', 'оренбург', 'куда', 'ставрополь', 'кострома', 'пенза', 'смоленск', 'вологда', 'тольятти', 'томск', 'мурманск', 'армения', 'пара', 'чита', 'липецк', 'барнаул', 'магнитогорск', 'приморье', 'сибирь', 'челябинск', 'владимир', 'сургут', 'европа', 'минск', 'дагестан', 'белгород', 'канада', 'кампания', 'саранск', 'киев', 'рязань', 'красноярский край', 'новокузнецк', 'псков', 'греция', 'тагил', 'анапа', 'луганск', 'донецк', 'колл', 'нижний тагил', 'раменское', 'амкара', 'котор', 'череповец', 'пушкино', 'тверь', 'бурятия', 'брянск', 'нальчик', 'петрозаводск', 'подмосковье', 'курган', 'аскольд', 'великий новгород', 'меркурий', 'кубань', 'беларусь', 'калуга', 'якутск', 'иран', 'татарстан', 'парнас', 'ямал', 'курск', 'восток', 'башкирия', 'южный сахалинск', 'ангарск', 'азербайджан', 'сахалинск', 'банкмосква', 'иваново', 'краснодарский край', 'фанпромой', 'урал', 'владивосток', 'орск', 'удмуртия', 'арзамас', 'волжский', 'лондон', 'уссурийск', 'весь россия', 'ухта', 'тверская', 'волгодонск', 'тамбов', 'око', 'город кемерово', 'артём', 'благовещенск', 'брюссель', 'белоруссия', 'грозный', 'вена', 'вашингтон', 'архангельск', 'югра', 'серпухов', 'чувашия', 'миасс', 'химки', 'который евросоюз', 'николаев', 'сыктывкар', 'камчатка', 'энгельс', 'китай', 'казахстан', 'стерлитамак', 'всеволожск', 'владикавказ', 'судженск', 'павлиное', 'новограда', 'корп', 'коми', 'старый оскол', 'усинск', 'каменск', 'онега', 'мытищи', 'пермский край', 'приозерск', 'различ', 'ртищево', 'оскол', 'российск', 'дальний восток', 'тобольск', 'ботлихский район', 'харьков', 'анжеро', 'орёл', 'запорожье', 'находка', 'чехия', 'прага', 'саянск', 'магадан', 'город россия', 'сума', 'лабинск', 'мошейничествочер', 'город москва', 'зеленоград', 'атба', 'геленджик', 'байкал', 'альметьевск', 'ачинск', 'госуслуга', 'ужгород', 'шотландия', 'город можга', 'нефтекамск', 'новокуйбышевск', 'кавказ', 'вебманя', 'балашиха', 'сцукое', 'грузия', 'севастополь', 'оленегорск', 'хакасия', 'новороссийск', 'петропавловск', 'недвиж', 'россельхое', 'микро', 'хорватия', 'абакан', 'турция', 'калининский район', 'таганрог', 'америка', 'конаково', 'восколько', 'курашов', 'забайкалье', 'хабаровский край', 'детский реаба', 'мрск', 'сахалин', 'витебск', 'мансийск', 'бийск', 'кировский район', 'ленобласть', 'твибанда', 'реаба', 'калачинск', 'астан', 'питер', 'кузбасс', 'житомир', 'опра', 'балаково', 'спонсировавший', 'город ижевск', 'виктория', 'адмиралтейский район', 'обнинск', 'поволжье', 'зюзино', 'доминикана', 'махачкала', 'город спасск', 'ютэйр', 'пров', 'болгария', 'трансэарое', 'вязники', 'люксембург', 'черкесск', 'германия', 'альфа', 'альфабанк', 'альфа банк', 'банк москвы', 'банк москва', 'рсхб', 'россельхозбанк', 'россельхоз банк', 'банк', 'банка', 'втб', 'райффайзенбанк', 'райфайзенбанк', 'райффайзен банк', 'райффайзен', 'райфайзен', 'сбербанк', 'сбер', 'газпром', 'газпромбанк', 'северо', 'запад', 'уралсиб', 'открытый акционерный общество', 'филиал']}";0.015580676809566329
16;0.444157245005256;"TfidfVectorizer(analyzer='word', binary=False, decode_error='strict',
        dtype=<class 'numpy.int64'>, encoding='utf-8', input='content',
        lowercase=True, max_df=1.0, max_features=None, min_df=1,
        ngram_range=(1, 1), norm='l2', preprocessor=None, smooth_idf=True,
        stop_words=None, strip_accents=None, sublinear_tf=False,
        token_pattern='(?u)\\b\\w\\w+\\b', tokenizer=None, use_idf=True,
        vocabulary=None)";1;(1, 2);['москва', 'россия', 'сша', 'украина', 'евросоюз', 'петербург', 'фанпромывший', 'крым', 'самар', 'краснодар', 'новосибирск', 'казань', 'екатеринбург', 'сочи', 'тюмень', 'иркутск', 'пермь', 'омск', 'ярославль', 'хабаровск', 'новгород', 'ижевск', 'украинский', 'волгоград', 'ростов', 'калининград', 'уфа', 'тула', 'воронеж', 'саратов', 'чебоксары', 'нижний новгород', 'дон', 'красноярск', 'киров', 'ульяновск', 'кемерово', 'запад', 'оренбург', 'куда', 'ставрополь', 'кострома', 'пенза', 'смоленск', 'вологда', 'тольятти', 'томск', 'мурманск', 'армения', 'пара', 'чита', 'липецк', 'барнаул', 'магнитогорск', 'приморье', 'сибирь', 'челябинск', 'владимир', 'сургут', 'европа', 'минск', 'дагестан', 'белгород', 'канада', 'кампания', 'саранск', 'киев', 'рязань', 'красноярский край', 'новокузнецк', 'псков', 'греция', 'тагил', 'анапа', 'луганск', 'донецк', 'колл', 'нижний тагил', 'раменское', 'амкара', 'котор', 'череповец', 'пушкино', 'тверь', 'бурятия', 'брянск', 'нальчик', 'петрозаводск', 'подмосковье', 'курган', 'аскольд', 'великий новгород', 'меркурий', 'кубань', 'беларусь', 'калуга', 'якутск', 'иран', 'татарстан', 'парнас', 'ямал', 'курск', 'восток', 'башкирия', 'южный сахалинск', 'ангарск', 'азербайджан', 'сахалинск', 'банкмосква', 'иваново', 'краснодарский край', 'фанпромой', 'урал', 'владивосток', 'орск', 'удмуртия', 'арзамас', 'волжский', 'лондон', 'уссурийск', 'весь россия', 'ухта', 'тверская', 'волгодонск', 'тамбов', 'око', 'город кемерово', 'артём', 'благовещенск', 'брюссель', 'белоруссия', 'грозный', 'вена', 'вашингтон', 'архангельск', 'югра', 'серпухов', 'чувашия', 'миасс', 'химки', 'который евросоюз', 'николаев', 'сыктывкар', 'камчатка', 'энгельс', 'китай', 'казахстан', 'стерлитамак', 'всеволожск', 'владикавказ', 'судженск', 'павлиное', 'новограда', 'корп', 'коми', 'старый оскол', 'усинск', 'каменск', 'онега', 'мытищи', 'пермский край', 'приозерск', 'различ', 'ртищево', 'оскол', 'российск', 'дальний восток', 'тобольск', 'ботлихский район', 'харьков', 'анжеро', 'орёл', 'запорожье', 'находка', 'чехия', 'прага', 'саянск', 'магадан', 'город россия', 'сума', 'лабинск', 'мошейничествочер', 'город москва', 'зеленоград', 'атба', 'геленджик', 'байкал', 'альметьевск', 'ачинск', 'госуслуга', 'ужгород', 'шотландия', 'город можга', 'нефтекамск', 'новокуйбышевск', 'кавказ', 'вебманя', 'балашиха', 'сцукое', 'грузия', 'севастополь', 'оленегорск', 'хакасия', 'новороссийск', 'петропавловск', 'недвиж', 'россельхое', 'микро', 'хорватия', 'абакан', 'турция', 'калининский район', 'таганрог', 'америка', 'конаково', 'восколько', 'курашов', 'забайкалье', 'хабаровский край', 'детский реаба', 'мрск', 'сахалин', 'витебск', 'мансийск', 'бийск', 'кировский район', 'ленобласть', 'твибанда', 'реаба', 'калачинск', 'астан', 'питер', 'кузбасс', 'житомир', 'опра', 'балаково', 'спонсировавший', 'город ижевск', 'виктория', 'адмиралтейский район', 'обнинск', 'поволжье', 'зюзино', 'доминикана', 'махачкала', 'город спасск', 'ютэйр', 'пров', 'болгария', 'трансэарое', 'вязники', 'люксембург', 'черкесск', 'германия', 'альфа', 'альфабанк', 'альфа банк', 'банк москвы', 'банк москва', 'рсхб', 'россельхозбанк', 'россельхоз банк', 'банк', 'банка', 'втб', 'райффайзенбанк', 'райфайзенбанк', 'райффайзен банк', 'райффайзен', 'райфайзен', 'сбербанк', 'сбер', 'газпром', 'газпромбанк', 'северо', 'запад', 'уралсиб', 'открытый акционерный общество', 'филиал'];"{'vectorization': TfidfVectorizer(analyzer='word', binary=False, decode_error='strict',
        dtype=<class 'numpy.int64'>, encoding='utf-8', input='content',
        lowercase=True, max_df=1.0, max_features=None, min_df=1,
        ngram_range=(1, 1), norm='l2', preprocessor=None, smooth_idf=True,
        stop_words=None, strip_accents=None, sublinear_tf=False,
        token_pattern='(?u)\\b\\w\\w+\\b', tokenizer=None, use_idf=True,
        vocabulary=None), 'vectorization__ngram_range': (1, 2), 'vectorization__min_df': 1, 'vectorization__stop_words': ['москва', 'россия', 'сша', 'украина', 'евросоюз', 'петербург', 'фанпромывший', 'крым', 'самар', 'краснодар', 'новосибирск', 'казань', 'екатеринбург', 'сочи', 'тюмень', 'иркутск', 'пермь', 'омск', 'ярославль', 'хабаровск', 'новгород', 'ижевск', 'украинский', 'волгоград', 'ростов', 'калининград', 'уфа', 'тула', 'воронеж', 'саратов', 'чебоксары', 'нижний новгород', 'дон', 'красноярск', 'киров', 'ульяновск', 'кемерово', 'запад', 'оренбург', 'куда', 'ставрополь', 'кострома', 'пенза', 'смоленск', 'вологда', 'тольятти', 'томск', 'мурманск', 'армения', 'пара', 'чита', 'липецк', 'барнаул', 'магнитогорск', 'приморье', 'сибирь', 'челябинск', 'владимир', 'сургут', 'европа', 'минск', 'дагестан', 'белгород', 'канада', 'кампания', 'саранск', 'киев', 'рязань', 'красноярский край', 'новокузнецк', 'псков', 'греция', 'тагил', 'анапа', 'луганск', 'донецк', 'колл', 'нижний тагил', 'раменское', 'амкара', 'котор', 'череповец', 'пушкино', 'тверь', 'бурятия', 'брянск', 'нальчик', 'петрозаводск', 'подмосковье', 'курган', 'аскольд', 'великий новгород', 'меркурий', 'кубань', 'беларусь', 'калуга', 'якутск', 'иран', 'татарстан', 'парнас', 'ямал', 'курск', 'восток', 'башкирия', 'южный сахалинск', 'ангарск', 'азербайджан', 'сахалинск', 'банкмосква', 'иваново', 'краснодарский край', 'фанпромой', 'урал', 'владивосток', 'орск', 'удмуртия', 'арзамас', 'волжский', 'лондон', 'уссурийск', 'весь россия', 'ухта', 'тверская', 'волгодонск', 'тамбов', 'око', 'город кемерово', 'артём', 'благовещенск', 'брюссель', 'белоруссия', 'грозный', 'вена', 'вашингтон', 'архангельск', 'югра', 'серпухов', 'чувашия', 'миасс', 'химки', 'который евросоюз', 'николаев', 'сыктывкар', 'камчатка', 'энгельс', 'китай', 'казахстан', 'стерлитамак', 'всеволожск', 'владикавказ', 'судженск', 'павлиное', 'новограда', 'корп', 'коми', 'старый оскол', 'усинск', 'каменск', 'онега', 'мытищи', 'пермский край', 'приозерск', 'различ', 'ртищево', 'оскол', 'российск', 'дальний восток', 'тобольск', 'ботлихский район', 'харьков', 'анжеро', 'орёл', 'запорожье', 'находка', 'чехия', 'прага', 'саянск', 'магадан', 'город россия', 'сума', 'лабинск', 'мошейничествочер', 'город москва', 'зеленоград', 'атба', 'геленджик', 'байкал', 'альметьевск', 'ачинск', 'госуслуга', 'ужгород', 'шотландия', 'город можга', 'нефтекамск', 'новокуйбышевск', 'кавказ', 'вебманя', 'балашиха', 'сцукое', 'грузия', 'севастополь', 'оленегорск', 'хакасия', 'новороссийск', 'петропавловск', 'недвиж', 'россельхое', 'микро', 'хорватия', 'абакан', 'турция', 'калининский район', 'таганрог', 'америка', 'конаково', 'восколько', 'курашов', 'забайкалье', 'хабаровский край', 'детский реаба', 'мрск', 'сахалин', 'витебск', 'мансийск', 'бийск', 'кировский район', 'ленобласть', 'твибанда', 'реаба', 'калачинск', 'астан', 'питер', 'кузбасс', 'житомир', 'опра', 'балаково', 'спонсировавший', 'город ижевск', 'виктория', 'адмиралтейский район', 'обнинск', 'поволжье', 'зюзино', 'доминикана', 'махачкала', 'город спасск', 'ютэйр', 'пров', 'болгария', 'трансэарое', 'вязники', 'люксембург', 'черкесск', 'германия', 'альфа', 'альфабанк', 'альфа банк', 'банк москвы', 'банк москва', 'рсхб', 'россельхозбанк', 'россельхоз банк', 'банк', 'банка', 'втб', 'райффайзенбанк', 'райфайзенбанк', 'райффайзен банк', 'райффайзен', 'райфайзен', 'сбербанк', 'сбер', 'газпром', 'газпромбанк', 'северо', 'запад', 'уралсиб', 'открытый акционерный общество', 'филиал']}";0.009727198341491501
17;0.43996579948232994;"TfidfVectorizer(analyzer='word', binary=False, decode_error='strict',
        dtype=<class 'numpy.int64'>, encoding='utf-8', input='content',
        lowercase=True, max_df=1.0, max_features=None, min_df=1,
        ngram_range=(1, 1), norm='l2', preprocessor=None, smooth_idf=True,
        stop_words=None, strip_accents=None, sublinear_tf=False,
        token_pattern='(?u)\\b\\w\\w+\\b', tokenizer=None, use_idf=True,
        vocabulary=None)";1;(1, 3);['москва', 'россия', 'сша', 'украина', 'евросоюз', 'петербург', 'фанпромывший', 'крым', 'самар', 'краснодар', 'новосибирск', 'казань', 'екатеринбург', 'сочи', 'тюмень', 'иркутск', 'пермь', 'омск', 'ярославль', 'хабаровск', 'новгород', 'ижевск', 'украинский', 'волгоград', 'ростов', 'калининград', 'уфа', 'тула', 'воронеж', 'саратов', 'чебоксары', 'нижний новгород', 'дон', 'красноярск', 'киров', 'ульяновск', 'кемерово', 'запад', 'оренбург', 'куда', 'ставрополь', 'кострома', 'пенза', 'смоленск', 'вологда', 'тольятти', 'томск', 'мурманск', 'армения', 'пара', 'чита', 'липецк', 'барнаул', 'магнитогорск', 'приморье', 'сибирь', 'челябинск', 'владимир', 'сургут', 'европа', 'минск', 'дагестан', 'белгород', 'канада', 'кампания', 'саранск', 'киев', 'рязань', 'красноярский край', 'новокузнецк', 'псков', 'греция', 'тагил', 'анапа', 'луганск', 'донецк', 'колл', 'нижний тагил', 'раменское', 'амкара', 'котор', 'череповец', 'пушкино', 'тверь', 'бурятия', 'брянск', 'нальчик', 'петрозаводск', 'подмосковье', 'курган', 'аскольд', 'великий новгород', 'меркурий', 'кубань', 'беларусь', 'калуга', 'якутск', 'иран', 'татарстан', 'парнас', 'ямал', 'курск', 'восток', 'башкирия', 'южный сахалинск', 'ангарск', 'азербайджан', 'сахалинск', 'банкмосква', 'иваново', 'краснодарский край', 'фанпромой', 'урал', 'владивосток', 'орск', 'удмуртия', 'арзамас', 'волжский', 'лондон', 'уссурийск', 'весь россия', 'ухта', 'тверская', 'волгодонск', 'тамбов', 'око', 'город кемерово', 'артём', 'благовещенск', 'брюссель', 'белоруссия', 'грозный', 'вена', 'вашингтон', 'архангельск', 'югра', 'серпухов', 'чувашия', 'миасс', 'химки', 'который евросоюз', 'николаев', 'сыктывкар', 'камчатка', 'энгельс', 'китай', 'казахстан', 'стерлитамак', 'всеволожск', 'владикавказ', 'судженск', 'павлиное', 'новограда', 'корп', 'коми', 'старый оскол', 'усинск', 'каменск', 'онега', 'мытищи', 'пермский край', 'приозерск', 'различ', 'ртищево', 'оскол', 'российск', 'дальний восток', 'тобольск', 'ботлихский район', 'харьков', 'анжеро', 'орёл', 'запорожье', 'находка', 'чехия', 'прага', 'саянск', 'магадан', 'город россия', 'сума', 'лабинск', 'мошейничествочер', 'город москва', 'зеленоград', 'атба', 'геленджик', 'байкал', 'альметьевск', 'ачинск', 'госуслуга', 'ужгород', 'шотландия', 'город можга', 'нефтекамск', 'новокуйбышевск', 'кавказ', 'вебманя', 'балашиха', 'сцукое', 'грузия', 'севастополь', 'оленегорск', 'хакасия', 'новороссийск', 'петропавловск', 'недвиж', 'россельхое', 'микро', 'хорватия', 'абакан', 'турция', 'калининский район', 'таганрог', 'америка', 'конаково', 'восколько', 'курашов', 'забайкалье', 'хабаровский край', 'детский реаба', 'мрск', 'сахалин', 'витебск', 'мансийск', 'бийск', 'кировский район', 'ленобласть', 'твибанда', 'реаба', 'калачинск', 'астан', 'питер', 'кузбасс', 'житомир', 'опра', 'балаково', 'спонсировавший', 'город ижевск', 'виктория', 'адмиралтейский район', 'обнинск', 'поволжье', 'зюзино', 'доминикана', 'махачкала', 'город спасск', 'ютэйр', 'пров', 'болгария', 'трансэарое', 'вязники', 'люксембург', 'черкесск', 'германия', 'альфа', 'альфабанк', 'альфа банк', 'банк москвы', 'банк москва', 'рсхб', 'россельхозбанк', 'россельхоз банк', 'банк', 'банка', 'втб', 'райффайзенбанк', 'райфайзенбанк', 'райффайзен банк', 'райффайзен', 'райфайзен', 'сбербанк', 'сбер', 'газпром', 'газпромбанк', 'северо', 'запад', 'уралсиб', 'открытый акционерный общество', 'филиал'];"{'vectorization': TfidfVectorizer(analyzer='word', binary=False, decode_error='strict',
        dtype=<class 'numpy.int64'>, encoding='utf-8', input='content',
        lowercase=True, max_df=1.0, max_features=None, min_df=1,
        ngram_range=(1, 1), norm='l2', preprocessor=None, smooth_idf=True,
        stop_words=None, strip_accents=None, sublinear_tf=False,
        token_pattern='(?u)\\b\\w\\w+\\b', tokenizer=None, use_idf=True,
        vocabulary=None), 'vectorization__ngram_range': (1, 3), 'vectorization__min_df': 1, 'vectorization__stop_words': ['москва', 'россия', 'сша', 'украина', 'евросоюз', 'петербург', 'фанпромывший', 'крым', 'самар', 'краснодар', 'новосибирск', 'казань', 'екатеринбург', 'сочи', 'тюмень', 'иркутск', 'пермь', 'омск', 'ярославль', 'хабаровск', 'новгород', 'ижевск', 'украинский', 'волгоград', 'ростов', 'калининград', 'уфа', 'тула', 'воронеж', 'саратов', 'чебоксары', 'нижний новгород', 'дон', 'красноярск', 'киров', 'ульяновск', 'кемерово', 'запад', 'оренбург', 'куда', 'ставрополь', 'кострома', 'пенза', 'смоленск', 'вологда', 'тольятти', 'томск', 'мурманск', 'армения', 'пара', 'чита', 'липецк', 'барнаул', 'магнитогорск', 'приморье', 'сибирь', 'челябинск', 'владимир', 'сургут', 'европа', 'минск', 'дагестан', 'белгород', 'канада', 'кампания', 'саранск', 'киев', 'рязань', 'красноярский край', 'новокузнецк', 'псков', 'греция', 'тагил', 'анапа', 'луганск', 'донецк', 'колл', 'нижний тагил', 'раменское', 'амкара', 'котор', 'череповец', 'пушкино', 'тверь', 'бурятия', 'брянск', 'нальчик', 'петрозаводск', 'подмосковье', 'курган', 'аскольд', 'великий новгород', 'меркурий', 'кубань', 'беларусь', 'калуга', 'якутск', 'иран', 'татарстан', 'парнас', 'ямал', 'курск', 'восток', 'башкирия', 'южный сахалинск', 'ангарск', 'азербайджан', 'сахалинск', 'банкмосква', 'иваново', 'краснодарский край', 'фанпромой', 'урал', 'владивосток', 'орск', 'удмуртия', 'арзамас', 'волжский', 'лондон', 'уссурийск', 'весь россия', 'ухта', 'тверская', 'волгодонск', 'тамбов', 'око', 'город кемерово', 'артём', 'благовещенск', 'брюссель', 'белоруссия', 'грозный', 'вена', 'вашингтон', 'архангельск', 'югра', 'серпухов', 'чувашия', 'миасс', 'химки', 'который евросоюз', 'николаев', 'сыктывкар', 'камчатка', 'энгельс', 'китай', 'казахстан', 'стерлитамак', 'всеволожск', 'владикавказ', 'судженск', 'павлиное', 'новограда', 'корп', 'коми', 'старый оскол', 'усинск', 'каменск', 'онега', 'мытищи', 'пермский край', 'приозерск', 'различ', 'ртищево', 'оскол', 'российск', 'дальний восток', 'тобольск', 'ботлихский район', 'харьков', 'анжеро', 'орёл', 'запорожье', 'находка', 'чехия', 'прага', 'саянск', 'магадан', 'город россия', 'сума', 'лабинск', 'мошейничествочер', 'город москва', 'зеленоград', 'атба', 'геленджик', 'байкал', 'альметьевск', 'ачинск', 'госуслуга', 'ужгород', 'шотландия', 'город можга', 'нефтекамск', 'новокуйбышевск', 'кавказ', 'вебманя', 'балашиха', 'сцукое', 'грузия', 'севастополь', 'оленегорск', 'хакасия', 'новороссийск', 'петропавловск', 'недвиж', 'россельхое', 'микро', 'хорватия', 'абакан', 'турция', 'калининский район', 'таганрог', 'америка', 'конаково', 'восколько', 'курашов', 'забайкалье', 'хабаровский край', 'детский реаба', 'мрск', 'сахалин', 'витебск', 'мансийск', 'бийск', 'кировский район', 'ленобласть', 'твибанда', 'реаба', 'калачинск', 'астан', 'питер', 'кузбасс', 'житомир', 'опра', 'балаково', 'спонсировавший', 'город ижевск', 'виктория', 'адмиралтейский район', 'обнинск', 'поволжье', 'зюзино', 'доминикана', 'махачкала', 'город спасск', 'ютэйр', 'пров', 'болгария', 'трансэарое', 'вязники', 'люксембург', 'черкесск', 'германия', 'альфа', 'альфабанк', 'альфа банк', 'банк москвы', 'банк москва', 'рсхб', 'россельхозбанк', 'россельхоз банк', 'банк', 'банка', 'втб', 'райффайзенбанк', 'райфайзенбанк', 'райффайзен банк', 'райффайзен', 'райфайзен', 'сбербанк', 'сбер', 'газпром', 'газпромбанк', 'северо', 'запад', 'уралсиб', 'открытый акционерный общество', 'филиал']}";0.012399489944684742
18;0.4370209653826326;"TfidfVectorizer(analyzer='word', binary=False, decode_error='strict',
        dtype=<class 'numpy.int64'>, encoding='utf-8', input='content',
        lowercase=True, max_df=1.0, max_features=None, min_df=1,
        ngram_range=(1, 1), norm='l2', preprocessor=None, smooth_idf=True,
        stop_words=None, strip_accents=None, sublinear_tf=False,
        token_pattern='(?u)\\b\\w\\w+\\b', tokenizer=None, use_idf=True,
        vocabulary=None)";1;(1, 3);['и', 'в', 'во', 'что', 'он', 'на', 'я', 'с', 'со', 'как', 'а', 'то', 'все', 'она', 'так', 'его', 'но', 'да', 'ты', 'к', 'у', 'же', 'вы', 'за', 'бы', 'по', 'только', 'ее', 'мне', 'было', 'вот', 'от', 'меня', 'еще', 'нет', 'о', 'из', 'ему', 'теперь', 'когда', 'даже', 'ну', 'вдруг', 'ли', 'если', 'уже', 'или', 'ни', 'быть', 'был', 'него', 'до', 'вас', 'нибудь', 'опять', 'уж', 'вам', 'ведь', 'там', 'потом', 'себя', 'ничего', 'ей', 'может', 'они', 'тут', 'где', 'есть', 'надо', 'ней', 'для', 'мы', 'тебя', 'их', 'чем', 'была', 'сам', 'чтоб', 'без', 'будто', 'чего', 'раз', 'тоже', 'себе', 'под', 'будет', 'ж', 'тогда', 'кто', 'этот', 'того', 'потому', 'этого', 'какой', 'совсем', 'ним', 'здесь', 'этом', 'один', 'почти', 'мой', 'тем', 'чтобы', 'нее', 'сейчас', 'были', 'куда', 'зачем', 'всех', 'никогда', 'можно', 'при', 'наконец', 'два', 'об', 'другой', 'хоть', 'после', 'над', 'больше', 'тот', 'через', 'эти', 'нас', 'про', 'всего', 'них', 'какая', 'много', 'разве', 'три', 'эту', 'моя', 'впрочем', 'хорошо', 'свою', 'этой', 'перед', 'иногда', 'лучше', 'чуть', 'том', 'нельзя', 'такой', 'им', 'более', 'всегда', 'конечно', 'всю', 'между'];"{'vectorization': TfidfVectorizer(analyzer='word', binary=False, decode_error='strict',
        dtype=<class 'numpy.int64'>, encoding='utf-8', input='content',
        lowercase=True, max_df=1.0, max_features=None, min_df=1,
        ngram_range=(1, 1), norm='l2', preprocessor=None, smooth_idf=True,
        stop_words=None, strip_accents=None, sublinear_tf=False,
        token_pattern='(?u)\\b\\w\\w+\\b', tokenizer=None, use_idf=True,
        vocabulary=None), 'vectorization__ngram_range': (1, 3), 'vectorization__min_df': 1, 'vectorization__stop_words': ['и', 'в', 'во', 'что', 'он', 'на', 'я', 'с', 'со', 'как', 'а', 'то', 'все', 'она', 'так', 'его', 'но', 'да', 'ты', 'к', 'у', 'же', 'вы', 'за', 'бы', 'по', 'только', 'ее', 'мне', 'было', 'вот', 'от', 'меня', 'еще', 'нет', 'о', 'из', 'ему', 'теперь', 'когда', 'даже', 'ну', 'вдруг', 'ли', 'если', 'уже', 'или', 'ни', 'быть', 'был', 'него', 'до', 'вас', 'нибудь', 'опять', 'уж', 'вам', 'ведь', 'там', 'потом', 'себя', 'ничего', 'ей', 'может', 'они', 'тут', 'где', 'есть', 'надо', 'ней', 'для', 'мы', 'тебя', 'их', 'чем', 'была', 'сам', 'чтоб', 'без', 'будто', 'чего', 'раз', 'тоже', 'себе', 'под', 'будет', 'ж', 'тогда', 'кто', 'этот', 'того', 'потому', 'этого', 'какой', 'совсем', 'ним', 'здесь', 'этом', 'один', 'почти', 'мой', 'тем', 'чтобы', 'нее', 'сейчас', 'были', 'куда', 'зачем', 'всех', 'никогда', 'можно', 'при', 'наконец', 'два', 'об', 'другой', 'хоть', 'после', 'над', 'больше', 'тот', 'через', 'эти', 'нас', 'про', 'всего', 'них', 'какая', 'много', 'разве', 'три', 'эту', 'моя', 'впрочем', 'хорошо', 'свою', 'этой', 'перед', 'иногда', 'лучше', 'чуть', 'том', 'нельзя', 'такой', 'им', 'более', 'всегда', 'конечно', 'всю', 'между']}";0.016792463547633057
19;0.4342872273929657;"TfidfVectorizer(analyzer='word', binary=False, decode_error='strict',
        dtype=<class 'numpy.int64'>, encoding='utf-8', input='content',
        lowercase=True, max_df=1.0, max_features=None, min_df=1,
        ngram_range=(1, 1), norm='l2', preprocessor=None, smooth_idf=True,
        stop_words=None, strip_accents=None, sublinear_tf=False,
        token_pattern='(?u)\\b\\w\\w+\\b', tokenizer=None, use_idf=True,
        vocabulary=None)";1;(1, 1);;"{'vectorization': TfidfVectorizer(analyzer='word', binary=False, decode_error='strict',
        dtype=<class 'numpy.int64'>, encoding='utf-8', input='content',
        lowercase=True, max_df=1.0, max_features=None, min_df=1,
        ngram_range=(1, 1), norm='l2', preprocessor=None, smooth_idf=True,
        stop_words=None, strip_accents=None, sublinear_tf=False,
        token_pattern='(?u)\\b\\w\\w+\\b', tokenizer=None, use_idf=True,
        vocabulary=None), 'vectorization__ngram_range': (1, 1), 'vectorization__min_df': 1, 'vectorization__stop_words': None}";0.01867742144866801
20;0.43200655660236276;"TfidfVectorizer(analyzer='word', binary=False, decode_error='strict',
        dtype=<class 'numpy.int64'>, encoding='utf-8', input='content',
        lowercase=True, max_df=1.0, max_features=None, min_df=1,
        ngram_range=(1, 1), norm='l2', preprocessor=None, smooth_idf=True,
        stop_words=None, strip_accents=None, sublinear_tf=False,
        token_pattern='(?u)\\b\\w\\w+\\b', tokenizer=None, use_idf=True,
        vocabulary=None)";1;(1, 2);['и', 'в', 'во', 'что', 'он', 'на', 'я', 'с', 'со', 'как', 'а', 'то', 'все', 'она', 'так', 'его', 'но', 'да', 'ты', 'к', 'у', 'же', 'вы', 'за', 'бы', 'по', 'только', 'ее', 'мне', 'было', 'вот', 'от', 'меня', 'еще', 'нет', 'о', 'из', 'ему', 'теперь', 'когда', 'даже', 'ну', 'вдруг', 'ли', 'если', 'уже', 'или', 'ни', 'быть', 'был', 'него', 'до', 'вас', 'нибудь', 'опять', 'уж', 'вам', 'ведь', 'там', 'потом', 'себя', 'ничего', 'ей', 'может', 'они', 'тут', 'где', 'есть', 'надо', 'ней', 'для', 'мы', 'тебя', 'их', 'чем', 'была', 'сам', 'чтоб', 'без', 'будто', 'чего', 'раз', 'тоже', 'себе', 'под', 'будет', 'ж', 'тогда', 'кто', 'этот', 'того', 'потому', 'этого', 'какой', 'совсем', 'ним', 'здесь', 'этом', 'один', 'почти', 'мой', 'тем', 'чтобы', 'нее', 'сейчас', 'были', 'куда', 'зачем', 'всех', 'никогда', 'можно', 'при', 'наконец', 'два', 'об', 'другой', 'хоть', 'после', 'над', 'больше', 'тот', 'через', 'эти', 'нас', 'про', 'всего', 'них', 'какая', 'много', 'разве', 'три', 'эту', 'моя', 'впрочем', 'хорошо', 'свою', 'этой', 'перед', 'иногда', 'лучше', 'чуть', 'том', 'нельзя', 'такой', 'им', 'более', 'всегда', 'конечно', 'всю', 'между'];"{'vectorization': TfidfVectorizer(analyzer='word', binary=False, decode_error='strict',
        dtype=<class 'numpy.int64'>, encoding='utf-8', input='content',
        lowercase=True, max_df=1.0, max_features=None, min_df=1,
        ngram_range=(1, 1), norm='l2', preprocessor=None, smooth_idf=True,
        stop_words=None, strip_accents=None, sublinear_tf=False,
        token_pattern='(?u)\\b\\w\\w+\\b', tokenizer=None, use_idf=True,
        vocabulary=None), 'vectorization__ngram_range': (1, 2), 'vectorization__min_df': 1, 'vectorization__stop_words': ['и', 'в', 'во', 'что', 'он', 'на', 'я', 'с', 'со', 'как', 'а', 'то', 'все', 'она', 'так', 'его', 'но', 'да', 'ты', 'к', 'у', 'же', 'вы', 'за', 'бы', 'по', 'только', 'ее', 'мне', 'было', 'вот', 'от', 'меня', 'еще', 'нет', 'о', 'из', 'ему', 'теперь', 'когда', 'даже', 'ну', 'вдруг', 'ли', 'если', 'уже', 'или', 'ни', 'быть', 'был', 'него', 'до', 'вас', 'нибудь', 'опять', 'уж', 'вам', 'ведь', 'там', 'потом', 'себя', 'ничего', 'ей', 'может', 'они', 'тут', 'где', 'есть', 'надо', 'ней', 'для', 'мы', 'тебя', 'их', 'чем', 'была', 'сам', 'чтоб', 'без', 'будто', 'чего', 'раз', 'тоже', 'себе', 'под', 'будет', 'ж', 'тогда', 'кто', 'этот', 'того', 'потому', 'этого', 'какой', 'совсем', 'ним', 'здесь', 'этом', 'один', 'почти', 'мой', 'тем', 'чтобы', 'нее', 'сейчас', 'были', 'куда', 'зачем', 'всех', 'никогда', 'можно', 'при', 'наконец', 'два', 'об', 'другой', 'хоть', 'после', 'над', 'больше', 'тот', 'через', 'эти', 'нас', 'про', 'всего', 'них', 'какая', 'много', 'разве', 'три', 'эту', 'моя', 'впрочем', 'хорошо', 'свою', 'этой', 'перед', 'иногда', 'лучше', 'чуть', 'том', 'нельзя', 'такой', 'им', 'более', 'всегда', 'конечно', 'всю', 'между']}";0.009734458555589532
21;0.43146417345831933;"TfidfVectorizer(analyzer='word', binary=False, decode_error='strict',
        dtype=<class 'numpy.int64'>, encoding='utf-8', input='content',
        lowercase=True, max_df=1.0, max_features=None, min_df=1,
        ngram_range=(1, 1), norm='l2', preprocessor=None, smooth_idf=True,
        stop_words=None, strip_accents=None, sublinear_tf=False,
        token_pattern='(?u)\\b\\w\\w+\\b', tokenizer=None, use_idf=True,
        vocabulary=None)";1;(1, 2);;"{'vectorization': TfidfVectorizer(analyzer='word', binary=False, decode_error='strict',
        dtype=<class 'numpy.int64'>, encoding='utf-8', input='content',
        lowercase=True, max_df=1.0, max_features=None, min_df=1,
        ngram_range=(1, 1), norm='l2', preprocessor=None, smooth_idf=True,
        stop_words=None, strip_accents=None, sublinear_tf=False,
        token_pattern='(?u)\\b\\w\\w+\\b', tokenizer=None, use_idf=True,
        vocabulary=None), 'vectorization__ngram_range': (1, 2), 'vectorization__min_df': 1, 'vectorization__stop_words': None}";0.008825870856613037
22;0.430396604920408;"TfidfVectorizer(analyzer='word', binary=False, decode_error='strict',
        dtype=<class 'numpy.int64'>, encoding='utf-8', input='content',
        lowercase=True, max_df=1.0, max_features=None, min_df=1,
        ngram_range=(1, 1), norm='l2', preprocessor=None, smooth_idf=True,
        stop_words=None, strip_accents=None, sublinear_tf=False,
        token_pattern='(?u)\\b\\w\\w+\\b', tokenizer=None, use_idf=True,
        vocabulary=None)";1;(1, 3);;"{'vectorization': TfidfVectorizer(analyzer='word', binary=False, decode_error='strict',
        dtype=<class 'numpy.int64'>, encoding='utf-8', input='content',
        lowercase=True, max_df=1.0, max_features=None, min_df=1,
        ngram_range=(1, 1), norm='l2', preprocessor=None, smooth_idf=True,
        stop_words=None, strip_accents=None, sublinear_tf=False,
        token_pattern='(?u)\\b\\w\\w+\\b', tokenizer=None, use_idf=True,
        vocabulary=None), 'vectorization__ngram_range': (1, 3), 'vectorization__min_df': 1, 'vectorization__stop_words': None}";0.010522902783470971
23;0.41913276883483125;"TfidfVectorizer(analyzer='word', binary=False, decode_error='strict',
        dtype=<class 'numpy.int64'>, encoding='utf-8', input='content',
        lowercase=True, max_df=1.0, max_features=None, min_df=1,
        ngram_range=(1, 1), norm='l2', preprocessor=None, smooth_idf=True,
        stop_words=None, strip_accents=None, sublinear_tf=False,
        token_pattern='(?u)\\b\\w\\w+\\b', tokenizer=None, use_idf=True,
        vocabulary=None)";1;(1, 1);['и', 'в', 'во', 'что', 'он', 'на', 'я', 'с', 'со', 'как', 'а', 'то', 'все', 'она', 'так', 'его', 'но', 'да', 'ты', 'к', 'у', 'же', 'вы', 'за', 'бы', 'по', 'только', 'ее', 'мне', 'было', 'вот', 'от', 'меня', 'еще', 'нет', 'о', 'из', 'ему', 'теперь', 'когда', 'даже', 'ну', 'вдруг', 'ли', 'если', 'уже', 'или', 'ни', 'быть', 'был', 'него', 'до', 'вас', 'нибудь', 'опять', 'уж', 'вам', 'ведь', 'там', 'потом', 'себя', 'ничего', 'ей', 'может', 'они', 'тут', 'где', 'есть', 'надо', 'ней', 'для', 'мы', 'тебя', 'их', 'чем', 'была', 'сам', 'чтоб', 'без', 'будто', 'чего', 'раз', 'тоже', 'себе', 'под', 'будет', 'ж', 'тогда', 'кто', 'этот', 'того', 'потому', 'этого', 'какой', 'совсем', 'ним', 'здесь', 'этом', 'один', 'почти', 'мой', 'тем', 'чтобы', 'нее', 'сейчас', 'были', 'куда', 'зачем', 'всех', 'никогда', 'можно', 'при', 'наконец', 'два', 'об', 'другой', 'хоть', 'после', 'над', 'больше', 'тот', 'через', 'эти', 'нас', 'про', 'всего', 'них', 'какая', 'много', 'разве', 'три', 'эту', 'моя', 'впрочем', 'хорошо', 'свою', 'этой', 'перед', 'иногда', 'лучше', 'чуть', 'том', 'нельзя', 'такой', 'им', 'более', 'всегда', 'конечно', 'всю', 'между'];"{'vectorization': TfidfVectorizer(analyzer='word', binary=False, decode_error='strict',
        dtype=<class 'numpy.int64'>, encoding='utf-8', input='content',
        lowercase=True, max_df=1.0, max_features=None, min_df=1,
        ngram_range=(1, 1), norm='l2', preprocessor=None, smooth_idf=True,
        stop_words=None, strip_accents=None, sublinear_tf=False,
        token_pattern='(?u)\\b\\w\\w+\\b', tokenizer=None, use_idf=True,
        vocabulary=None), 'vectorization__ngram_range': (1, 1), 'vectorization__min_df': 1, 'vectorization__stop_words': ['и', 'в', 'во', 'что', 'он', 'на', 'я', 'с', 'со', 'как', 'а', 'то', 'все', 'она', 'так', 'его', 'но', 'да', 'ты', 'к', 'у', 'же', 'вы', 'за', 'бы', 'по', 'только', 'ее', 'мне', 'было', 'вот', 'от', 'меня', 'еще', 'нет', 'о', 'из', 'ему', 'теперь', 'когда', 'даже', 'ну', 'вдруг', 'ли', 'если', 'уже', 'или', 'ни', 'быть', 'был', 'него', 'до', 'вас', 'нибудь', 'опять', 'уж', 'вам', 'ведь', 'там', 'потом', 'себя', 'ничего', 'ей', 'может', 'они', 'тут', 'где', 'есть', 'надо', 'ней', 'для', 'мы', 'тебя', 'их', 'чем', 'была', 'сам', 'чтоб', 'без', 'будто', 'чего', 'раз', 'тоже', 'себе', 'под', 'будет', 'ж', 'тогда', 'кто', 'этот', 'того', 'потому', 'этого', 'какой', 'совсем', 'ним', 'здесь', 'этом', 'один', 'почти', 'мой', 'тем', 'чтобы', 'нее', 'сейчас', 'были', 'куда', 'зачем', 'всех', 'никогда', 'можно', 'при', 'наконец', 'два', 'об', 'другой', 'хоть', 'после', 'над', 'больше', 'тот', 'через', 'эти', 'нас', 'про', 'всего', 'них', 'какая', 'много', 'разве', 'три', 'эту', 'моя', 'впрочем', 'хорошо', 'свою', 'этой', 'перед', 'иногда', 'лучше', 'чуть', 'том', 'нельзя', 'такой', 'им', 'более', 'всегда', 'конечно', 'всю', 'между']}";0.022053391896265845
